Date,LinearRegression,Ridge,RandomForest,GradientBoosting,ResidualHybrid,ConfidenceWeight,Actual
2019-12-05,-0.003192726184612664,-0.002521722272642457,-0.0005321375791911674,0.00023174394974034666,-0.0006866597773046079,-0.0015269199576112566,0.016570545307762856
2019-12-06,-0.002856612368547669,-0.002312044673373318,-0.00020973583030793334,0.0001043463708925607,-0.00038335173422898066,-0.0012609226703469056,0.010778535721707021
2019-12-09,-0.0033038360545736855,-0.002239072404852136,-0.0011644522786126712,-7.44738948361648e-05,-0.001251690387947705,-0.0017017603915412687,0.027051049118318137
2019-12-10,-0.004039541760771457,-0.0025818433794084668,-0.00036901957088188403,-0.0008322813320483201,-0.0006117833573160987,-0.0017071543636631254,0.01100451799142258
2019-12-11,-0.0048586665935463035,-0.0029300284011416168,-0.00013759042017518245,-0.0015314845621300646,-0.0004744621981820422,-0.0022307826348255755,0.019596855049874136
2019-12-12,-0.005182968384809054,-0.0029184031494759516,-0.0017088754986319774,-0.001977422227305256,-0.0018974812143100457,-0.002448078127774719,-0.0035929071034236427
2019-12-13,-0.005516863088237966,-0.0030325112399973023,-0.0016624530105324314,-0.0018366846217044543,-0.001868681564333105,-0.0024347934243681337,0.062489030925816716
2019-12-16,-0.00467737824045621,-0.0018563891597149153,-0.003023181756991124,-0.002858065024477691,-0.003033310003441171,-0.002940636995684246,-0.006601057072658228
2019-12-17,-0.005157532213880869,-0.0023384455386331548,-0.003286973520927207,-0.001977422227305256,-0.003275612898963544,-0.0028128415092228617,0.03668140926102287
2019-12-18,-0.00439495333736732,-0.001396711663221955,-0.005933964881079975,-0.002472355213154359,-0.00557787609384541,-0.003433684893488995,0.027322701196809678
2019-12-19,-0.003588809695501897,-0.0002651950229097164,-0.008741737563504083,-0.004014848913336476,-0.008048914777062597,-0.0038018374715406847,0.003828884001912939
2019-12-20,-0.003056938756041696,0.00024079233012604367,-0.009424103973148029,-0.003640829882513421,-0.00860237834744823,-0.003348899988962312,0.033053056592659016
2019-12-23,-0.003013417273111076,0.0005546642111403779,-0.008937056822545055,-0.003640829882513421,-0.008155354522589362,-0.003327135258652137,0.014281386571713147
2019-12-24,-0.002691864000219327,0.0007748488259024585,-0.008948704208837383,-0.0033212720111838933,-0.008134020971371954,-0.0030065822084635466,0.013291643665420405
2019-12-26,-0.001797322278304292,0.0016221135442538231,-0.008592331336279183,-0.0034620096167846956,-0.007754343407714153,-0.002629690015762627,-0.0013003242296417898
2019-12-27,-0.001022152475144224,0.002146079081446191,-0.008371991570312409,-0.0034620096167846956,-0.007508288203431215,-0.002242112945843409,-0.037113154023602435
2019-12-30,-0.0003534807166248315,0.0026947755441292533,-0.00832837114990515,-0.003130879887882596,-0.007411186924614651,-0.0017422207797281948,0.008715165951965274
2019-12-31,-9.034052632885675e-05,0.002490763336622409,-0.008360402971143351,-0.002952059622153871,-0.007431895845598584,-0.0015212575452395291,0.02811913725935113
2020-01-02,-0.0003665413686875375,0.0024652094231712197,-0.00797885222139347,-0.0028113220165530686,-0.007099566637466868,-0.0015889759193841381,0.029202665375724943
2020-01-03,-0.0005832332280741117,0.002572857249731713,-0.008340388396143327,-0.003743137616718946,-0.007455968135866222,-0.002163215484759249,0.019071616158590942
2020-01-06,0.0012307222376541152,0.003211288918605967,-0.0023921282823417293,-0.0010939200533352366,-0.001987256283629706,6.843717662005123e-05,0.03806670539476029
2020-01-07,0.0012790866202701833,0.003463588314217096,-0.004524190173821301,-0.0027395850914597995,-0.003925141896854776,-0.0007302324523216941,0.048032571796591005
2020-01-08,0.0018934681025887517,0.004076651539939009,-0.005464026759025361,-0.002685693694826017,-0.004710736228195551,-0.00039613307862212054,-0.022189385129027878
2020-01-09,0.0019863786781609038,0.0037193051766941957,-0.007626984994911065,-0.0023222090958015746,-0.006631410801251759,-0.0001680085546103805,-0.00664939546540687
2020-01-10,0.001615410897775546,0.0027806016988948445,-0.008345881460573057,-0.002063763395014996,-0.0073131898286358365,-0.00022431212710124875,0.09320705442315454
2020-01-13,0.001789453063663808,0.003137262077352667,-0.006096119054364945,-0.003660206504892584,-0.005346704213425742,-0.0009354208387662884,0.024578285996166464
2020-01-14,0.0018417015140019697,0.003713273438332663,-0.008087335716936062,-0.0041500765121290275,-0.007107527204014757,-0.001154247667531212,-0.036769790780435206
2020-01-15,0.0016371364021933658,0.003509923215812602,-0.008007719100759625,-0.0021997079738212814,-0.006987202315246249,-0.0002813793615969697,-0.00970949177236776
2020-01-16,0.0017057608337169255,0.0035214089926018767,-0.007532096535001909,-0.0028827695077866615,-0.006584423133402498,-0.0005885832001766935,-0.005839898292493961
2020-01-17,0.0017129039494615732,0.003369754222707559,-0.009078994979239897,-0.002063763395014996,-0.007937360053936571,-0.0001755465201391459,0.06942375101179135
2020-01-21,0.0012569476078916598,0.003280724221588693,-0.008848442146940923,-0.0021997079738212814,-0.0077578238191775475,-0.0004714755499098396,0.040049740009804484
2020-01-22,0.001390254230699123,0.003674088991856269,-0.008567583252516293,-0.0035489862294756417,-0.007532725379929321,-0.0010794325902495287,0.0046244733231979715
2020-01-23,0.0018939191137685948,0.00367440657244659,-0.00863343957200257,-0.0028007982564746676,-0.007547118874681283,-0.00045353821851038814,-0.012981492665205518
2020-01-24,0.0026914121280530285,0.004136078963555922,-0.009371644177865356,-0.002063763395014996,-0.008129771333472837,0.0003136930488036036,-0.012112270306427192
2020-01-27,0.0030391717391809714,0.0043741818482517505,-0.008957635338645522,-0.002063763395014996,-0.007739205332629716,0.000487572157326301,0.01578812541828236
2020-01-28,0.003833814735313039,0.004450472597598102,-0.008885268874153853,-0.002063763395014996,-0.007641849940263954,0.0008848578161335298,0.02455056373590527
2020-01-29,0.003824441073259232,0.0040218599056318855,-0.009293026413421336,-0.002063763395014996,-0.008021724972696981,0.0008801380993541304,0.09799946918357422
2020-01-30,0.0020987605424849895,0.003165861529230321,-0.008167634496012145,-0.003660206504892584,-0.007174682231420667,-0.0007808319034795753,0.015115915636712747
2020-01-31,0.0015949795400724107,0.003212305816463295,-0.009474941125820466,-0.0026648536776683824,-0.008320138321643373,-0.000535054702802094,0.18144500673128167
2020-02-03,0.001937086264583793,0.005491274614721857,-0.008095735089019215,-0.0018706554995543503,-0.006963643458899529,3.3171006202771286e-05,0.1286187013289162
2020-02-04,0.058896915005848975,0.05485773279184829,0.03584651069527369,0.021887349679439443,0.0370100035350329,0.04535202625213443,-0.1884503517713347
2020-02-05,0.05703541533982468,0.05471404072177749,0.0337440365209203,0.02257020887934448,0.035088593558939216,0.044228937307928186,0.019223337648097513
2020-02-06,0.053791629401040236,0.052944870159088546,0.03385730703383482,0.02259672929279396,0.03499680645886301,0.04340095246649102,-0.0011890406149238984
2020-02-07,0.05092169499935044,0.050821249732202346,0.034185453988679504,0.023666454865513543,0.035130873301509484,0.04250319252596584,0.030554944070529517
2020-02-10,0.049779627113084826,0.049633126332629944,0.033922505251056057,0.023666454865513543,0.03480648889301326,0.04177765536200678,0.004011205143103341
2020-02-11,0.04891299641227342,0.04878096075288625,0.034700208668190485,0.025079223189363002,0.03547811964873098,0.04174042050032506,-0.009197917738143728
2020-02-12,0.04763880591357858,0.04748131094719482,0.034611259322758076,0.025079223189363002,0.03529889889809639,0.04104611554968222,0.04673447142908478
2020-02-13,0.047517184242023225,0.047031555152074106,0.03361109694205335,0.023666454865513543,0.034340108318671445,0.040321167272010745,-0.004950005590520548
2020-02-14,0.04645822221947664,0.04550139854033888,0.03511261431470265,0.023666454865513543,0.035573098954173675,0.04030683780642442,0.0704209561694014
2020-02-18,0.04759659758876991,0.04663196571579903,0.03433560263691713,0.023666454865513543,0.034970903594548824,0.04048362975757606,0.06649514428065981
2020-02-19,0.05186556854905913,0.05180737837241628,0.03491087296273429,0.023666454865513543,0.03585064394021283,0.043358960824153275,-0.019826401099234645
2020-02-20,0.052956822133943565,0.052959583891366666,0.034353202068965034,0.023666454865513543,0.03544244880994533,0.043654857900488175,0.0017662946690655391
2020-02-21,0.05254158164821384,0.052701275547616465,0.03442455198234955,0.023666454865513543,0.03547982752545341,0.04348291403604194,-0.07752371187006901
2020-02-24,0.04652939105998786,0.04724967165459716,0.03487346310701797,0.023669395848609217,0.03543343646570869,0.04070125760160616,-0.041482357972054684
2020-02-25,0.03797646029377514,0.03905025297090117,0.03441324939427297,0.023669395848609217,0.03437305632265992,0.03619468069330972,-0.026744929942323813
2020-02-26,0.0296205096214762,0.03045126368576142,0.033736385457183105,0.023669395848609217,0.03311157577959692,0.030035865028138913,-0.13713313026519425
2020-02-27,0.01998853645086935,0.02085659907356269,0.03312484477710923,0.024044875897557258,0.03183267807055747,0.02245091559038124,-0.01634793886486153
2020-02-28,0.014963227156505898,0.01556480637649979,0.03312484477710923,0.024044875897557258,0.031430926798821056,0.019805015644352712,0.10725695640622722
2020-03-02,0.012908599146390521,0.011624624139881273,0.033504228132269394,0.023669395848609217,0.03151999432052445,0.01828914102822489,0.00253841597636119
2020-03-03,0.013340177579619916,0.011876970538251597,0.031561818106032785,0.023669395848609217,0.029820324626317677,0.018504907562822758,0.0053377564662295054
2020-03-04,-0.008466491150270915,-0.006836753385018475,0.015791684850984252,0.010476960992535802,0.013790884093230723,0.0018201679287479615,-0.033869377142319294
2020-03-05,-0.015495993481192233,-0.008136792231309345,0.015276066628698223,0.010476960992535802,0.01301528417295118,0.0011700528892549717,-0.029497521251508143
2020-03-06,-0.022339329932368496,-0.008053002316862732,0.01549033039841463,0.010476960992535802,0.012950762881713734,0.0012118953606002707,-0.14586453718265793
2020-03-09,-0.02002470067619511,-0.0023990715691439273,0.014589552220571924,0.009238079025320148,0.012422697638661183,0.003419405239693724,0.059586958381981574
2020-03-10,-0.016451745494842695,-2.7836715605319626e-05,0.013532855072931671,0.009737298629073337,0.011730328263567633,0.004854611508414573,-0.017350206418942464
2020-03-11,-0.010786077902850176,0.003371288574862826,0.012567592313337617,0.008985599127163289,0.01119741295600614,0.006178338694641067,-0.12349321110648581
2020-03-12,0.00513202542686608,0.010852040042137393,0.015491784901918255,0.011321615976822713,0.014774901783882324,0.011086821356159094,-0.025164569102852984
2020-03-13,0.017773229818374595,0.015310684311430444,0.015091514275131966,0.010695085986726098,0.015053984960709539,0.015201090374047902,-0.2055222640973887
2020-03-16,0.027409580898740283,0.025350751219482555,0.012092218118530207,0.009039145831594512,0.013099256284342586,0.01872146194494214,-0.03398134441360235
2020-03-17,0.03305365093758996,0.032611203440020865,0.01441185819036137,0.012605752490429103,0.015784229737141244,0.023511499339350858,-0.1747630508339693
2020-03-18,0.0345153944957413,0.03957732709107331,0.010871683452922642,0.010342309119945577,0.012896755116213458,0.022693609226246428,0.16879456002452453
2020-03-19,0.02943967613843661,0.036448265966774814,0.00843016508366867,0.005960402189213752,0.01026315035710732,0.018934982151688214,-0.00025729590144673095
2020-03-20,0.022361513288628173,0.03264087267854477,0.008457591912787067,0.005960402189213752,0.009867785553506815,0.01540965844419984,0.0156880748949418
2020-03-23,0.02358300774454079,0.030481039063152165,0.010371678523992386,0.006345545835164293,0.01154115071520534,0.016977385613866715,0.15084589588243305
2020-03-24,0.012065085558768873,0.020398358545812435,0.009488808830166411,0.007167695921440801,0.009945394014303215,0.010777036756993392,0.06562085599390599
2020-03-25,-0.001520160060060077,0.010733715450125416,0.007589480988543384,0.005833524036213675,0.007312761089771053,0.0067114544703101,-0.020780068011606076
2020-03-26,-0.005987115139569006,0.005902223051565321,0.008128861614606481,0.006968785916021718,0.0074679324214139055,0.006435389010561306,-0.026475836334381102
2020-03-27,-0.009519828323908632,0.003925183780474817,0.007933631134688804,0.007469783079624294,0.007098689761506289,0.005697251015513604,-0.02406432088934912
2020-03-30,-0.007404553301707531,0.003396318740980406,0.009222371048100642,0.007668693085043376,0.008309207386612835,0.005532355101634201,0.042632624287112744
2020-03-31,-0.00743275458778084,0.00045956535368557073,0.007019202413288754,0.005561548338734347,0.0061619469337245315,0.0030104207313826755,-0.08446085532400277
2020-04-01,-0.008013658340489059,-0.00847290749923103,0.010162021980076508,0.008690617998244918,0.00867980509002716,0.000338505540074648,-0.6619099742517939
2024-01-02,0.006520253116896226,0.0011833092717367698,0.0263724206531305,0.01870112663178006,0.024356205475912232,0.012610720256587847,-0.04096122279932548
2024-01-03,0.030356346091443207,0.021914376097526413,0.02619485741988704,0.017690936441225946,0.02589500734852876,0.02405461552305315,-0.0021831499656647054
2024-01-04,0.04755261095676016,0.038312943804539895,0.016686609365638167,0.013374263634212383,0.018607149315494217,0.027499845051358152,-0.0018509415250830851
2024-01-05,0.05630727764161573,0.04769948757805822,0.016069357946411622,0.013606173196120527,0.018773042280344772,0.031884484729852045,0.012386614576639058
2024-01-08,0.05924934335252279,0.052540476669813534,0.018017952736022982,0.013606173196120527,0.020809668594027702,0.035279236406269315,-0.023096839566935645
2024-01-09,0.06091155401874266,0.05725631213397935,0.018016922431698397,0.014461009493049166,0.021089176379131724,0.037636618262016974,-0.004350632806278706
2024-01-10,0.06094771286228081,0.060284556761674955,0.01811094473921268,0.014461009493049166,0.02129545920674213,0.039197720123112886,-0.029145966144498332
2024-01-11,0.059723014800499095,0.06344904912258707,0.01822605824289035,0.014461009493049166,0.021478357863658884,0.038974536156470965,-0.03734939877742937
2024-01-12,0.05799240486419958,0.06601904376617761,0.018578547156317536,0.016081301492603443,0.021883643661306483,0.03828552518773103,0.004649070658851077
2024-01-16,0.054810381914365304,0.06694815560925244,0.016602770138532084,0.015027083432645385,0.0200096882782499,0.03570666436646301,-0.020025473044372487
2024-01-17,0.06054653090259257,0.0728701268815297,0.015986155168565122,0.014333155521046378,0.019892300397508157,0.03826642333622618,-0.017172815629643214
2024-01-18,0.06699935702773555,0.07922330044275405,0.015751985966422074,0.014333155521046378,0.020182378896444208,0.04137574612795393,0.0014620115002590317
2024-01-19,0.0731779778871873,0.0852174272261804,0.01591016213701264,0.014333155521046378,0.020796365796881825,0.044544136773012985,-0.016105240597581734
2024-01-22,0.07870976732575122,0.08942241615206957,0.015625836944542736,0.014333155521046378,0.02092101683375941,0.047167859903004705,0.0016270106278732431
2024-01-23,0.08256047270852879,0.09141025837661003,0.015845914715076747,0.014333155521046378,0.02134158532121642,0.04920323809164389,-0.006283434610725192
2024-01-24,0.08664946808872304,0.09364034884734536,0.013791012978205959,0.011634297739291458,0.01966869269282647,0.05022026831739242,-0.12925817170128795
2024-01-25,0.09217642137702772,0.0969465267816744,0.013583273137028841,0.009871027673212372,0.019766025691929996,0.05287985302072128,0.003389065826718794
2024-01-26,0.093823818905069,0.09637416882463108,0.014505209031983948,0.009871027673212372,0.020624516279438815,0.05416450244232451,0.04105548959785763
2024-01-29,0.09062630115593939,0.09022869805940123,0.015567510507681943,0.011287448005538016,0.021249050477108525,0.05289808053042733,0.0034508226289791306
2024-01-30,0.004647797058524064,-0.010742120713197712,-0.0047666874894461446,-0.013375045127585972,-0.004939716082806225,-0.007754299260853068,-0.022699471099276638
2024-01-31,-0.008387412791858397,-0.020131759751395167,0.004778962116760171,0.005659636284531597,0.0033132064041544633,-0.0018043866307592628,0.008347821172369478
2024-02-01,-0.005526484363092198,-0.018452735349959143,0.004646226605978706,0.005659636284531597,0.003370523724824198,-0.0004403058415436325,-0.005042858776995002
2024-02-02,-0.002338185006959397,-0.016404298170082824,0.004661652674275466,0.005659636284531597,0.0035866620349272404,0.0011615394120920327,-0.03713468972636423
2024-02-05,0.0014844246855178983,-0.0142240537374761,0.006256645566057759,0.005659636284531597,0.005235663723286179,0.0035718023913103394,0.022067797990272177
2024-02-06,0.004785721609783315,-0.012797999828417466,0.0038263376682972495,0.005659636284531597,0.0032577849848043757,0.004305892517597394,0.013309178288648946
2024-02-07,0.0060975528360692555,-0.011821740794431298,0.004556020313102542,0.005659636284531597,0.003994836223372356,0.005107625517619494,0.010500153377802282
2024-02-08,0.005978134997020272,-0.010837721234852974,0.003251347187018362,0.005659636284531597,0.002870403602022409,0.00445524357389681,0.020933657774970457
2024-02-09,0.008325194842353164,-0.0093091901218077,0.0031014306843735497,0.005659636284531597,0.002887027639964034,0.004380437976678215,-0.02850600281752684
2024-02-12,0.012277028129999604,-0.0075164479942821695,0.0031014306843735497,0.005659636284531597,0.003108027182574942,0.004380509472332795,-0.02208876860591097
2024-02-13,0.017331207677774282,-0.0055516614889246935,0.004247246944904788,0.005659636284531597,0.004395726136998753,0.004953446408018326,0.025167010147113134
2024-02-14,0.021374178299872686,-0.0038934230773129985,0.0044907727575103674,0.005659636284531597,0.004831177493016549,0.005075218490341788,0.06035334314528131
2024-02-15,0.024758374597395737,-0.0026932293978536256,0.003915803301888081,0.005659636284531597,0.004496073372411981,0.004787753565962757,-0.0024975038337594173
2024-02-16,0.02721723219504656,-0.0011939972279486088,0.004457400555355857,0.005659636284531597,0.005130238213275997,0.005058550967332993,-0.031447068575791784
2024-02-20,0.030624637682447997,0.0003758645407772056,0.004747064681569467,0.005659636284531597,0.005579159838780313,0.005203386796053075,0.005199145723306438
2024-02-21,0.03468264458159232,0.0021701435267322765,0.004997391152555521,0.005659636284531597,0.006026674226665285,0.005328558042602099,0.013463405650618309
2024-02-22,0.03676612564251237,0.0031385881024193186,0.004790647304968818,0.005659636284531597,0.005960404752094632,0.005225229450455112,-0.027943686650054637
2024-02-23,0.03571211695288437,0.0023490945673885016,0.004473953704724933,0.005659636284531597,0.0056075613914173495,0.005066883943873586,0.037973710740030475
2024-02-26,0.03565249091131282,0.0032921829735396107,0.0036728375475946163,0.005659636284531597,0.0049312176908021315,0.004666487738175839,0.0016536061675660274
2024-02-27,0.035354679420083204,0.004247572770515835,0.0036384728704988213,0.005659636284531597,0.004927731138718356,0.00495380525251077,0.011499231283567918
2024-02-28,0.020744667946582605,0.012808301892524186,0.002591882060133765,0.0033516485635244897,0.003711953578660086,0.008080126137498665,-0.0007921787106965236
2024-02-29,0.021059449161182835,0.01372329468847439,0.0034013343348050923,0.0033516485635244897,0.004479804157319425,0.008562484174832791,0.0037575170226514664
2024-03-01,0.02266195222375537,0.014803800724521095,0.0033825697304961295,0.0031917287923595964,0.0045615495967371265,0.009093346581510356,-0.07424463938175002
2024-03-04,0.0261226991839912,0.017226950215522004,0.0018016873425541235,0.0030612682707060464,0.0033800929859284104,0.010144232476944974,-0.040126798433230214
2024-03-05,0.029259102716837664,0.018877621607478485,0.0021656960180573477,0.0030612682707060464,0.003888089601395541,0.010969584810262908,-0.023512123304642838
2024-03-06,0.0335944016180802,0.02103054382787005,0.0025839207731711607,0.0036007344154311612,0.004527744041602786,0.012315786148307018,0.01188110874296599
2024-03-07,0.0371662678853282,0.022686735870061227,0.002619698836948054,0.0036007344154311612,0.0047607234820546546,0.013143889350595885,-0.018701625030085045
2024-03-08,0.04029041141447371,0.02445253456452308,0.0038141234690625015,0.0028655607515781336,0.005986129567542957,0.014133486489754661,0.013763678693560029
2024-03-11,0.043213463566700305,0.02553760578642432,0.0037682658748959498,0.0028655607515781336,0.00609918855014821,0.014653099935558571,-0.0012947061441473569
2024-03-12,0.04648364647316546,0.026632560272648275,0.003494174865371484,0.0028655607515781336,0.006022931297486461,0.015063542514520451,-0.04646099727496628
2024-03-13,0.050641586164931376,0.028700676133034127,0.0025133285747826273,0.0026858180308355125,0.005385111398191858,0.01569343007783979,-0.042056898779332184
2024-03-14,0.051075966662309194,0.030202544503652704,0.0016071155065914334,0.0021463518861103976,0.004638313580996789,0.01617461492458902,0.006563076277915342
2024-03-15,0.05017078826269318,0.029837612226910715,0.0038036229449516677,0.0028655607515781336,0.0065655272058849894,0.016820780822390802,0.060664152342604714
2024-03-18,0.04754867104218069,0.028734839110238875,0.0021677536048948457,0.0026858180308355125,0.004962662465804126,0.01571049251948203,-0.014372034891457558
2024-03-19,0.04489923847511089,0.028082037039458732,0.0034436508974644785,0.0028655607515781336,0.005976329125180108,0.015763001561120624,0.025017133837829976
2024-03-20,0.04273258900506886,0.027696637736239527,0.0030027510923627213,0.0024940124154826777,0.005474848067314004,0.015349843771628008,-0.016299696542812377
2024-03-21,0.041274993481853275,0.02742013685496459,0.0030952956321629783,0.0024940124154826777,0.005490991418890723,0.015257858157090796,-0.01158171211632812
2024-03-22,0.04029325756910941,0.02771076481056433,0.002946644314873443,0.0028655607515781336,0.0053459594696947735,0.01532884713005996,0.010481683435756076
2024-03-25,0.03888994113752911,0.02690200868552726,0.0027344448371697493,0.0024940124154826777,0.00505954896051361,0.014818364157027596,0.0287772826285837
2024-03-26,0.03745166380248377,0.026270352017923368,0.0004353262154303389,0.0019864321149455043,0.002919866047265814,0.014128499515676922,0.012084083617363902
2024-03-27,0.010790526403469822,0.01007393476491954,0.00035846331592588045,0.0010634100665113798,0.001165224576617913,0.005568672932947247,-0.02272190773999231
2024-03-28,0.010429478433645587,0.010507711957792697,0.0008610912297730586,0.0010634100665113798,0.0016156303191956212,0.00574643791420153,-0.0032477284143495326
2024-04-01,0.009599641861658608,0.010395649184563488,0.0008286504327849148,0.0010634100665113798,0.0015509918700278456,0.005331553671386942,-0.05026651935105258
2024-04-02,0.009830423721964054,0.010748551497342473,-0.0001277981151529669,0.0007537426339584259,0.0007135316369996508,0.005292084707968927,0.010447544054431742
2024-04-03,0.009386669133768441,0.010575506695589282,0.001066110972245478,0.0010634100665113798,0.0017611754399629437,0.005226448710863981,0.016083269202606634
2024-04-04,0.008963994426718743,0.010816201755793502,1.5807625959756664e-05,0.0007537426339584259,0.0008111539072436362,0.004858913351022809,-0.03696743555877544
2024-04-05,0.00900211112191814,0.011660048690625964,-0.00029960021593070075,0.0007537426339584259,0.0005661337288116863,0.004877982224139918,0.04783676362708771
2024-04-08,0.007130243227861967,0.010811608891531158,-5.4346954403279455e-05,0.0007537426339584259,0.0006794198525581441,0.003942095215744038,0.022295607975213145
2024-04-09,0.005945129840630268,0.010591802565933782,-5.4346954403279455e-05,0.0007537426339584259,0.0006258821016152878,0.0033495657304067404,-0.02937344256551801
2024-04-10,0.005930103845677618,0.010720117037139569,0.0002722823984510341,0.0010634100665113798,0.0009310994446494778,0.0034968920801435386,0.016399556773736196
2024-04-11,0.005425693072484719,0.010363302425927182,-0.0002104825301573048,0.0007537426339584259,0.00045837390582445807,0.003089845500364819,-0.020541749097701737
2024-04-12,0.004611455361855191,0.00981222990080208,0.0003387048676894274,0.0010634100665113798,0.0009039691551100742,0.0028375864081066947,-0.05757465973833702
2024-04-15,0.005443972369668065,0.010945574273303874,0.0003290730163525448,0.0007537426339584259,0.0009618623426440585,0.003099031637950472,-0.02743506868222295
2024-04-16,0.005745875987495095,0.011755723888117088,0.0004935466782572659,0.0007537426339584259,0.0011518815526055538,0.0032500006414329903,-0.01062208397137564
2024-04-17,0.006024601473053542,0.012727146795837472,0.0013529527795393792,0.0013937784191457969,0.001986500074503055,0.003709414004885251,-0.036155647217109545
2024-04-18,0.006879181271777441,0.013986926663025276,0.0008698310474635039,0.001084110986592843,0.0016295388974413194,0.003981845298252582,-0.01939578390268632
2024-04-19,0.007082073763356778,0.015095442801707467,0.0018821241613824853,0.0013937784191457969,0.0025915631028388553,0.004482292317522417,-0.0345935559693179
2024-04-22,0.007686299074817833,0.016182476232859004,0.0012482673848011358,0.001084110986592843,0.00208428292992491,0.004467492959984517,0.018345226676437152
2024-04-23,0.007800969666061966,0.016652888748394934,0.0006840695490072672,0.001084110986592843,0.0016061045926200755,0.004442735511804857,0.11387415621830609
2024-04-24,0.005008256028663801,0.014571795900300182,0.0001734127270607404,0.0009393612175418785,0.0009586565153396577,0.0029739985215865993,0.04845814470471284
2024-04-25,-0.001497423062829145,0.00726834722495228,-0.0001113412692991928,0.0012133922235767526,0.0001765654128193186,0.0005511183349446026,-0.011168015552988686
2024-04-26,-0.0019364888972958723,0.006863476655261991,-0.0004695155891326464,0.0012133922235767526,-0.00017451456460371617,0.00037203253550130156,0.14242723171122051
2024-04-29,-0.0039590580646608215,0.005948968135390013,-0.0005505985410892412,0.0009477116995357327,-0.000368469389251317,0.00019857819759969277,-0.05710084205665045
2024-04-30,-0.004593064587165245,0.005381999974375815,0.0006171233204262023,0.0012133922235767526,0.000631459485696073,0.0009152518046596139,-0.018113707174260838
2024-05-01,-0.003335820456596985,0.00624094214621744,0.0004106078477862703,0.001335326064677457,0.000533912234733999,0.0008729777759113415,0.00011105007606901516
2024-05-02,-0.0021094561615426057,0.007091395634342964,0.00046476226073649963,0.001335326064677457,0.000662405195812305,0.0009000777755713795,0.006533843535574036
2024-05-03,-0.0012874228170231187,0.007860732787585518,0.0009661883125220949,0.001335326064677457,0.0011698432303388947,0.001150780208111261,0.01951143790875135
2024-05-06,-0.0006499578863860049,0.009124558696333985,0.0013124154523462164,0.001335326064677457,0.0015522202716125705,0.0013238731045123586,-0.03834210509362053
2024-05-07,0.000696748463633376,0.01071637093915378,0.0007270472760461959,0.001335326064677457,0.0011466727066419876,0.001031485248636879,-0.017530851194269642
2024-05-08,0.002418226838693824,0.011990129977998953,0.000856454277889854,0.001335326064677457,0.0013776888504559992,0.001876961186197964,-0.015864649448707812
2024-05-09,0.00455155918504632,0.01314370231144269,0.0007001352807458734,0.001335326064677457,0.0013655292275935283,0.0029436371624329623,-0.020562350450525728
2024-05-10,0.006130620062222118,0.014495158109845916,0.0008776840969171206,0.001335326064677457,0.0016370642269268776,0.003733174498163186,0.020097034145307512
2024-05-13,0.0071400896086281015,0.014015152869145099,0.0008365753829397866,0.001335326064677457,0.0016193952558121044,0.0042378844804778675,0.03239754278801776
2024-05-14,0.0068022057030178475,0.013593998813771409,0.0007117158987164185,0.001335326064677457,0.0014788105702508172,0.004068935891428873,-0.020254418706909572
2024-05-15,0.006445822413583591,0.013503171152543908,0.0008365753829397866,0.001335326064677457,0.0015726729230241044,0.0038907582253952465,0.004873391179277019
2024-05-16,0.005486844863986825,0.012834880382202481,0.0009038030567700274,0.001335326064677457,0.0015694354371468368,0.003411284791127188,0.01487402019069651
2024-05-17,0.004062544218813037,0.012001199190613224,0.0007816097508538763,0.001335326064677457,0.001373683241337504,0.0026991327158310133,-0.014245067870223688
2024-05-20,0.002373142195156972,0.010690112485498109,0.0008275335937425829,0.001335326064677457,0.0012981848472679918,0.0018544084410087062,0.06446711975223281
2024-05-21,-0.0008389575198367735,0.008638128075479565,0.001257429021974981,0.0012133922235767526,0.0014726378140194377,0.0012354145857402907,-0.035399542384592496
2024-05-22,-0.0021734652394630365,0.007422487453583637,0.0007601517963532145,0.001335326064677457,0.0009357492521891771,0.0010477596810521963,-0.036007818288810785
2024-05-23,-0.0021416133398234997,0.00485851272958966,0.0010050624423981794,0.0018540797137628557,0.0010692316660874254,0.001429568875889731,0.03116576011599187
2024-05-24,-0.0029331222601465022,0.004584010723213074,0.0010057246455640275,0.001705868024729114,0.0010239721847359884,0.0013557840638558781,-0.013989415788236143
2024-05-28,-0.0036695820545145155,0.0034037047777296663,0.00018818534391697406,0.0013129607861978685,0.00020920269465620714,0.0007505368047383749,-0.0031733327174769638
2024-05-29,-0.0029179175259598407,0.003517728701561339,0.00022141671565914175,0.0011867186808629567,0.00026743575712917295,0.0007040510682592058,0.014648923152829736
2024-05-30,-0.0027260444050437645,0.003767536978329026,-0.00017260275905450046,0.0010586607752081734,-6.974286297807772e-05,0.00044303282822229245,-0.003978997402597566
2024-05-31,-0.0026035698031203784,0.0038324547897390887,0.00019135616739961417,0.0011867186808629567,0.0002652010305500307,0.0006890343142907758,-0.010102569596006488
2024-06-03,-0.0022684367759936395,0.003972502031073184,0.0005563304929653265,0.0011867186808629567,0.0006077873152190243,0.0008715240125303403,-0.008659479988969872
2024-06-04,-0.0016905329048576207,0.004359551562891652,3.5773765128596045e-05,0.0011867186808629567,0.00018253166590096064,0.0006112863975123525,0.0013151256990527008
2024-06-05,-0.0008759446935066989,0.004426218444487199,0.00015874307236503699,0.0011867186808629567,0.00032522100784315624,0.0006728099027116126,0.016660454613497404
2024-06-06,-0.0009547733339076621,0.004224614970417712,-0.00013452034551600674,0.0010586607752081734,4.926794035195123e-05,0.0004621720240730957,-0.0025885260992180074
2024-06-07,-0.0013394305821279862,0.004277059931300399,0.0001244165028164924,0.0011867186808629567,0.00027124678173727035,0.0006556171905724249,-0.02101026729322036
2024-06-10,-0.0014282319447817672,0.004286763884842706,0.00015128621703802854,0.0011867186808629567,0.0002921612540671742,0.0006690459010771973,-0.01817434057762428
2024-06-11,-0.0011470731855711183,0.004733340554403066,0.00035588117960347874,0.0011867186808629567,0.0005024787843244414,0.0007713481122017714,0.03811347747393242
2024-06-12,-0.0019339574186231373,0.004126037730532139,-0.0004457403711650118,0.0010586607752081734,-0.0002681965354265698,0.00030651503208908447,0.028799010597446485
2024-06-13,-0.0032386014579772315,0.0032871780280050687,-0.0004156558728378017,0.0010586607752081734,-0.00032432254115810654,0.00032148554100505173,-0.024746085007725318
2024-06-14,-0.003831358058813397,0.0028913646426691727,-0.00015891118162341848,0.0010586607752081734,-0.00013440837177225944,0.0004498299573608777,0.051619109593938894
2024-06-17,-0.004371261044396647,0.0025084685312278844,-0.00048007941563313247,0.0010586607752081734,-0.000455528922648482,0.0002892183439961543,-0.013860022086213543
2024-06-18,-0.00456907756825311,0.0024940274958619732,0.0002454270475114321,0.0011867186808629567,0.00018542580809277384,0.0007159981503715751,-0.017957490517488288
2024-06-20,-0.003977686319151423,0.002551572038747904,0.0002442084428776686,0.0011867186808629567,0.0002089693587647263,0.0007153972000105507,0.00789947152070144
2024-06-21,-0.002947589760233472,0.0030695204368640177,0.0001827439842939332,0.0011867186808629567,0.00021398682493968586,0.0006847005190706137,-0.0023523229758261356
2024-06-24,-0.0017234035085860887,0.002995058472529419,0.000711485935720828,0.0009161811092316332,0.0007179799983043491,0.0008138303413033743,0.02579011465212662
2024-06-25,-0.0017156162464710932,0.0031068711876148804,0.0011451644799060354,0.0010892775508765846,0.0011139406952879098,0.0011172188787456224,0.047022052078928164
2024-06-26,-0.002304984412445649,0.00326652512234253,0.0005196696533750388,0.0010892775508765846,0.0005422659933958065,0.0008044626634731238,0.005332819818052439
2024-06-27,-0.002217475136920992,0.0035566664524110093,0.0008954873263740413,0.0010892775508765846,0.0008911577401075526,0.000992378729571186,0.0023273813203096337
2024-06-28,-0.0012918848606113748,0.004165368587425965,0.0007453013354352721,0.0010892775508765846,0.000817028166407646,0.000917301184493816,0.0587798336030084
2024-07-01,-0.0015029433999256547,0.004305295210393624,0.002020044512300346,0.0010892775508765846,0.001947437707399751,0.0015546537055740521,0.09710195030947986
2024-07-02,-0.0015052569013502982,0.0046127540974111895,-0.0005196737186939262,0.0015467725919160985,-0.00028182967354304094,0.0005136434227512878,0.06337304899541396
2024-07-03,-0.0021433652600809116,0.004455564230978495,-0.0017762229234807064,0.0015467725919160985,-0.001428812531835992,-0.00011458207532409972,0.02060688228437289
2024-07-05,-0.0009747129911448104,0.00583514062524167,-0.00214722363723914,0.001430751048797992,-0.0016629874328553565,0.00022812630779112044,0.005629789876539415
2024-07-08,0.0008052510380743013,0.007235017215894129,-0.0023514720133813367,0.0012933349200449872,-0.0017258145751795576,0.0010493083349152488,0.0364508858978897
2024-07-09,0.002251572739700184,0.00873863909616715,-0.0020309785897320637,0.001720553588084216,-0.0013118311085148129,0.001986075922157439,0.0035389720904070512
2024-07-10,0.004082586474745825,0.010485538126711012,-0.00029382796080849286,0.001720553588084216,0.0003709611996416001,0.002901654746683315,-0.08822077208547265
2024-07-11,0.006727634364232615,0.012977512694114153,0.0004910208571773466,0.0018214404986413046,0.0012714853542920646,0.004274662501339819,0.029434316513726
2024-07-12,0.0069902052592988595,0.013304720141692736,0.0009812594645785316,0.001562905975879189,0.0017214716105594594,0.004276722985922308,0.017609829570940913
2024-07-15,0.00686794296032161,0.014046493559644548,0.0012053296873553755,0.001562905975879189,0.0019457005710892543,0.004215618481939714,0.015396997777534508
2024-07-16,0.006303627883889102,0.014549152057752816,0.001432805223494734,0.0013790800901628086,0.0021405199217108374,0.003868450558050316,-0.03191970033228875
2024-07-17,0.00790801019705186,0.015568169265775304,0.0016469728834181073,0.0013790800901628086,0.002432227316207435,0.004777688034147287,0.002933302220995548
2024-07-18,0.009043215759906924,0.015843578680133405,0.001262450943277422,0.0013790800901628086,0.002144414581096135,0.005211331055688058,-0.04107613843938718
2024-07-19,0.009686137240306697,0.015901766887407888,0.0013654038776467344,0.0018214404986413046,0.0022773418666666386,0.005753943740183511,0.050182719021710745
2024-07-22,0.007975849078253128,0.014492591072358472,0.0009077012193670414,0.0013942218306020758,0.0017352537110444538,0.004685202481053616,-0.020607648987956816
2024-07-23,0.009563595360848392,0.013490609412150275,0.00155857779515432,0.0015831867547319242,0.0023397453628920045,0.005573531088984533,-0.1316429436033912
2024-07-24,0.010229990742014423,0.013538816510840488,0.000854848873012548,0.0015831867547319242,0.0017414780398914368,0.005906673288903305,0.01953112906763447
2024-07-25,0.008304464328928923,0.01284740058376794,0.0011919096940682312,0.0015831867547319242,0.0019406146755791705,0.004943967204082627,-0.0020452089625195087
2024-07-26,0.0065979691947720825,0.012546736535961198,0.0015333585961509908,0.0015831867547319242,0.002167578054631621,0.004090786670841595,0.054450283723543685
2024-07-29,0.002484325100313931,0.010331142841419259,0.0007168403294160142,0.0013793081179270838,0.001191105278472904,0.001931971028744161,-0.04170207944562903
2024-07-30,0.0006257755603087562,0.009042556247772032,0.0009712946206877466,0.0013793081179270838,0.0012954298676049357,0.0011754457668496623,0.04157282172336867
2024-07-31,-0.0015873461789417099,0.007050999277820293,0.0008184581428256006,0.0013793081179270838,0.000996269957692175,0.001098909827984861,-0.0677870949965208
2024-08-01,-0.0006286999556629945,0.007080250016902472,0.0004272088893674464,0.0012036247783302936,0.0006800546275184462,0.0008155057103297418,-0.043301714320780456
2024-08-02,0.0012799294614185722,0.008122128982235301,0.0016335630368646365,0.0015549857579274413,0.0018776319035145202,0.0015943313765856234,-0.04324862022379944
2024-08-05,0.002564942876938743,0.007758500309800001,0.0017378459886034183,0.0015549857579274413,0.0020042251425011672,0.0021516184318482205,0.008810602088580683
2024-08-06,0.0035973464500357005,0.0074897484394638066,0.002465573649356803,0.0015549857579274413,0.0026790948158464615,0.003031562232329001,-0.04526769292244079
2024-08-07,0.003827781065843698,0.008334888306380114,0.0026486253924044066,0.0015549857579274413,0.0028843279467420345,0.0032382984253058493,0.03625590132901241
2024-08-08,0.0022554453006776378,0.007718077561758281,0.0027880463326759282,0.0015549857579274413,0.0029241571636144104,0.0025218423846342765,0.0058169037389324395
2024-08-09,0.0012931811926525584,0.007524923567918552,0.002335564131442254,0.0015549857579274413,0.0024780118381726034,0.0019454731340427054,-0.01262938858524463
2024-08-12,0.001812075519004688,0.007381641232650726,0.0022762723455686928,0.0015549857579274413,0.0024391651643172452,0.0020443453620346552,0.051032468678537876
2024-08-13,0.0004238627710021588,0.005908060385365182,0.0009580105681069239,0.0014075034151351336,0.0011513248601742617,0.001182863315410636,-0.03152675190710158
2024-08-14,0.0007877175600685611,0.005132268413493096,0.0011484202337359902,0.0014075034151351336,0.001303167321382761,0.001278062657929052,0.061436309145650216
2024-08-15,-0.0007048599216107444,0.0035106113696666656,0.0007247552461202608,0.0014075034151351336,0.0008053623784004083,0.0010661521368364774,0.00920378250292453
2024-08-16,-0.0017888537821096119,0.0028824071948438793,0.0008119555134777251,0.0014075034151351336,0.0008167612963461756,0.0011097006688666287,0.0300815962441386
2024-08-19,-0.0032814792702908183,0.001749588647633274,8.484341168367237e-05,0.0012036247783302936,6.205481381877608e-05,0.0006440967693490857,-0.007300267158314843
2024-08-20,-0.0052210613611945325,-0.0010820004631741718,0.000657774922538016,0.0009438912386838562,0.000375770658819295,-0.0002123105729989061,0.00976670507756732
2024-08-21,-0.006463789460426203,-0.0010804335929658695,0.00018725737363951576,0.0007790654399638755,-9.471324391167291e-05,-0.0004467452008917166,-0.0581363437538179
2024-08-22,-0.005655168965925192,-0.000245809223391192,0.0003962200991867034,0.0007790654399638755,0.00015494529450879593,7.504600327952075e-05,0.0448355914315171
2024-08-23,-0.005803653410446592,-0.000183637927164655,0.0006044992408204531,0.0009438912386838562,0.00034244565534794115,0.00021024928236920015,-0.032803441227522996
2024-08-26,-0.005461387864564106,0.00012582733985641483,3.6214738848335814e-05,0.0007790654399638755,-0.0001427557672591803,8.099342622912958e-05,-0.018939062709292416
2024-08-27,-0.004341846636059208,0.0008039672397745652,-8.928699873219656e-06,0.0007790654399638755,-0.00011343901305439635,0.0003847849436007896,-0.01667672472989858
2024-08-28,-0.0038392571262761536,0.0013311609808114213,0.00017600657701552586,0.0007790654399638755,9.099664705089292e-05,0.0004774188804048935,0.0025726237078790366
2024-08-29,-0.0036572109679952123,0.0013199705336661978,6.580594513580867e-05,0.0007790654399638755,-5.080232391088414e-07,0.00042231082650786233,0.03725544123667223
2024-08-30,-0.004342713488698961,0.0008593355982093384,-3.6182582785524314e-05,0.0007790654399638755,-0.00013547109641589184,0.0003711850872827477,-0.01652927582030035
2024-09-03,-0.004778758525972303,0.0004937078677922375,0.00016238930096005674,0.0006297113553812158,4.861987191526082e-06,0.0003278480576111263,0.04098151366314106
2024-09-04,-0.005999832789623672,-0.0005378803394497819,0.00016238930096005674,0.0007790654399638755,-7.755632879718138e-05,-0.00018787031581488024,0.04787601603580388
2024-09-05,-0.00804193980626165,-0.0018721979543216472,-0.00010206111720666142,0.0006297113553812158,-0.00044811515876704716,-0.0009872874346925707,-0.08824048544582787
2024-09-06,-0.008826236170880172,-0.0022653801880159023,-0.00012393645575074622,0.0007790654399638755,-0.0005079012802196296,-0.0011948082606285384,0.025949973905266994
2024-09-09,-0.009469218294453,-0.0032699594135280666,0.00038673860796118473,0.0007790654399638755,-0.00011863257626289734,-0.0014418055860955122,0.044759273955983725
2024-09-10,-0.010733183639601896,-0.003795601096516879,-0.00014294319505577663,0.0007790654399638755,-0.0006580916624135028,-0.0019694309140067742,0.008628742512625562
2024-09-11,-0.011350194731533527,-0.003858026382518515,-0.00016057644841187887,0.0007790654399638755,-0.0006995499742077961,-0.002009463984064073,0.007337206636804795
2024-09-12,-0.012019309904654574,-0.0037913016006324465,2.7084394005693526e-06,0.0007790654399638755,-0.0005770304598427495,-0.0018944768497413565,0.002086485160728214
2024-09-13,-0.011340894085425494,-0.003139466118064545,0.00042448046619340406,0.0007790654399638755,-0.0001505045633610234,-0.0013577104189644558,-0.0153589759450266
2024-09-16,-0.009564654201450324,-0.002190764648841077,-3.0572249293424294e-06,0.0007790654399638755,-0.0004253638040508574,-0.0010970783140428276,0.004794890315022082
2024-09-17,-0.007944548583101386,-0.0011313307806426831,0.00028657057729448917,0.0007790654399638755,-6.43874607751477e-05,-0.0004225648660602171,-0.0029445960609886415
2024-09-18,-0.004579749895047444,8.705247553510089e-05,0.00021364356036649397,0.0010268015202817022,5.494521622627447e-05,0.00015031941755321043,0.07100962175825201
2024-09-19,-0.0036506179409043138,-0.00030749356155993315,0.0002441350131029128,0.0008597704993590558,9.568999376415494e-05,-3.17771959551591e-05,-0.023519752638904136
2024-09-20,-0.0034509987997377875,0.0005457386784094127,0.00032712023796946333,0.0008597704993590558,0.0002111629305085195,0.0004363282549939135,0.048140375327935025
2024-09-23,-0.003282977546968654,0.0005992243731834804,0.0008010546385425664,0.0010268015202817022,0.0006464022571400903,0.0007000173391026174,0.016935793509053217
2024-09-24,-0.002190542906306463,0.0011842223280705802,0.00148532430387904,0.002318801065574961,0.0013624910060216953,0.0013347228444720739,0.010757148762662677
2024-09-25,-0.0010021657610960613,0.001703454648513182,0.0007110758983789925,0.002318801065574961,0.0007401368929184313,0.0012071821959133812,-0.010953821465680538
2024-09-26,-1.6514592333736339e-06,0.002152990074919138,3.2908797179798075e-05,0.0010268015202817022,0.00014992514687861563,0.0005300490412552309,0.024249227064234113
2024-09-27,0.0008778031691653498,0.0026814538466589507,0.00014226226701339855,0.002318801065574961,0.00034482560566689597,0.0015982482317914086,0.004482044837533062
2024-09-30,0.001744373909485316,0.003508862595487873,0.0005652532578452789,0.002318801065574961,0.0007865727177644173,0.00203158809543082,-0.013894251852425751
2024-10-01,0.0017890409208940147,0.003761949461105655,-0.0002732945376850232,0.0010268015202817022,9.894154438083562e-06,0.001407948380293275,-0.03550382703625739
2024-10-02,0.002518097548531331,0.004642680688285443,-0.0005824889858556317,0.0008597704993590558,-0.00020765398466770092,0.0016889659032488927,-0.034148067454407176
2024-10-03,0.004485324945965953,0.005482004827347997,-0.0007127461750269771,0.0010268015202817022,-0.00020991329558039983,0.002756019876229061,0.03839570976808356
2024-10-04,0.0025504993030683177,0.004612052894588495,-0.0004337411222941233,0.0010268015202817022,-6.987283459679365e-05,0.0017886783504130427,-0.03768957599969925
2024-10-07,0.002507825384746824,0.004641643689056652,-0.0004567791136704376,0.0010268015202817022,-9.076957468901777e-05,0.0017673425371746221,0.015124010919583781
2024-10-08,0.0026468664342126588,0.004456181840577945,-0.0004388486915466787,0.0010268015202817022,-7.702156648690435e-05,0.0018368515036710355,-0.014210915403026646
2024-10-09,0.0031693868488480922,0.004654833126991185,-0.0004910081992998556,0.0010268015202817022,-9.568926800837665e-05,0.0020980923356670234,-0.009503630132407265
2024-10-10,0.003301698572792397,0.004753999942964484,-0.0007343277453279296,0.0010268015202817022,-0.00030294068547105635,0.0021642335205211295,-0.09192353886888893
2024-10-11,0.005426889526449873,0.006042143951477254,0.00012017199676082402,0.0008597704993590558,0.0005826186376126644,0.0031433208707368127,0.00622484886936322
2024-10-14,0.005205368732418506,0.00545569228118737,-0.00045830858260246203,0.0010268015202817022,4.230714979059459e-05,0.0031159964404020163,0.0018690482583790414
2024-10-15,0.004580803065697811,0.005111920388408875,-0.00036691545398346263,0.0010268015202817022,8.61711943129755e-05,0.002803739417432544,0.007983687088569507
2024-10-16,0.0030278598306772483,0.004377579493520977,0.00013945326925704564,0.0007779638889544661,0.0004397504747356305,0.0019029711306932412,-0.0019899714413276278
2024-10-17,0.0020967382910871126,0.004549291228173973,-0.00020743478439792502,0.0007779638889544661,0.00010323729315609012,0.0014374234542756516,-0.0008605378505268966
2024-10-18,0.0019296274056772133,0.004594007145382485,-0.00034726358392738675,0.0007779638889544661,-2.5532818956811097e-05,0.0013538595895615864,-0.008417707909120924
2024-10-21,0.001683183081327324,0.004666522004588336,-0.00020139345988988942,0.0007779638889544661,9.769590848639854e-05,0.0012306488659485644,-0.0040291472851928115
2024-10-22,0.0021600410394929806,0.004730132876176454,0.0007482305419663118,0.0007779638889544661,0.0009621013289113831,0.0014692379338316348,-0.02001831071853799
2024-10-23,0.003446022660162345,0.0055401198569661764,0.0004788753920141837,0.0007779638889544661,0.0008037441963019754,0.002112126653501307,0.19818699146920754
2024-10-24,-0.0008364798822874566,0.0015666280081179662,-0.0015467293501798033,0.0010925167874610464,-0.0013065822786274739,0.00012798934505339765,0.032891334056112616
2024-10-25,-0.004039281438382515,-0.00012335768061302248,-0.001295309274147855,0.0010925167874610464,-0.001271775859448489,-0.0007093931796794351,-0.02512824530239814
2024-10-28,-0.004176969214050418,-0.0004184468299513397,0.00012009869484598446,0.0010925167874610464,-3.1033891554349484e-05,-0.000149239902410801,-0.01145548515134625
2024-10-29,-0.0026425478403449346,0.0001930597267271216,0.0002912556431915422,0.0010925167874610464,0.0002034802740250609,0.0002421377042997099,-0.007619899978935549
2024-10-30,-0.0006841100991141832,0.0011490345978106974,0.0002054312620460438,0.0010925167874610464,0.00023944360303213369,0.0006488020025734254,-0.030353066395916374
2024-10-31,0.0016013573165726397,0.002819131190835862,-0.00018385738343746139,0.0010925167874610464,4.670497877373234e-05,0.001346934217651937,-0.0034882074251497285
2024-11-01,0.003487849625463642,0.004180963895631263,-0.00018791415372433455,0.0010925167874610464,0.0001688798073069853,0.0022901350503121524,-0.02496977961188871
2024-11-04,0.004851234939616041,0.0058438017119182605,-0.00035442490270173014,0.0010925167874610464,0.00013901504036120655,0.0029718481027839576,0.034801627017114346
2024-11-05,0.004380319562698461,0.006328112321959359,-0.00022725822571234008,0.0010925167874610464,0.00025365569040656095,0.002736450368068462,0.13759466024737685
2024-11-06,0.0005521031049974124,0.00530975195597355,-0.0003633982295270074,0.0013370798890435368,-4.4412968829926625e-05,0.0009446795381717523,0.028630012464395397
2024-11-07,0.0007630932951101729,0.0045083228081736456,0.0006022800967867982,0.0013370798890435368,0.0007895548445968523,0.0010502915263073676,0.07869717552417867
2024-11-08,0.00010665927060582426,0.0032480395888224442,-0.001322851034713291,-0.0029041318395693493,-0.0011387653887679741,-0.0006080454116600951,0.08580690404849912
2024-11-11,-0.0012893755550894362,0.0016197164617909512,-0.002454623570180629,-0.0013781755047593811,-0.002211230299223099,-0.0013337633195626276,-0.06342678815128278
2024-11-12,0.000740157683301855,0.0020046192431537185,-0.0021543657594254866,-0.0013781755047593811,-0.0018523895997548698,-0.00031896893484731104,0.005313266949669512
2024-11-13,0.005071016716226539,0.004347343132388515,0.0015875754820888618,0.0025236012403909444,0.0018610632286581502,0.0034354511918550695,-0.059448133931949705
2024-11-14,0.008247079399324163,0.006827817943713052,0.0029597036921016947,0.0025236012403909444,0.003299653039471195,0.004893831315287091,0.030196972790488486
2024-11-15,0.0089685481043071,0.008365893181357456,0.003412565878624558,0.0025236012403909444,0.003790950491613056,0.005889210208197946,0.054664350493325395
2024-11-18,0.006035724755822796,0.008263016793471075,0.0020349013797030333,0.0025236012403909444,0.002451911981944638,0.004279768911679445,0.02120595242401374
2024-11-19,0.0038543057698341085,0.00878838853246364,0.0014281545352657237,0.0023846266360480458,0.001846804458149113,0.0031195851433807485,-0.01154032611298051
2024-11-20,0.0031092704828933875,0.008748255284309437,0.0015106030284412358,0.0023846266360480458,0.0018903427518485217,0.002747047575549626,-0.007012172684276001
2024-11-21,0.004403472615966604,0.009192886804719986,0.0019270835715474038,0.0019824035607021585,0.0023136059761868343,0.0031931769702089278,0.0373345373484672
2024-11-22,0.006260245468386532,0.009148514967550522,0.002319939373956209,0.0016220366911586942,0.002718914058983643,0.0042901982955331755,-0.04043088853449338
2024-11-25,0.009405772222076572,0.00905490291945553,0.001187071211926996,0.0016220366911586942,0.0018271861737628506,0.0053384649468808595,-0.001063755153845317
2024-11-26,0.010984052541600854,0.009407842510881021,0.0015944050607810162,0.0016220366911586942,0.00226286509029101,0.005515015476367115,-0.015914020837727676
2024-11-27,0.011537465618403847,0.009469270802272774,0.0016053226490317669,0.0016220366911586942,0.0022959154445369614,0.0055457471197277374,0.03619593916712737
2024-11-29,0.008535267033395846,0.008448588200914965,0.0016381510972253712,0.0016220366911586942,0.002170871931337831,0.005043374713233466,0.03397975234247804
2024-12-02,0.00503174609085689,0.007256526847559528,0.0007674373381585431,0.0016220366911586942,0.001217129870218805,0.0033269663023735518,-0.016005713052796626
2024-12-03,0.001634701715408261,0.0051847478100657905,0.000591420476240736,0.0016220366911586942,0.000849472843242219,0.0016283716935279234,0.018355288553428408
2024-12-04,-0.002268901939854774,0.0022981139939293764,0.0005212771561189463,0.0019824035607021585,0.0005362133653652295,0.0012516714775768966,0.03178623389945424
2024-12-05,-0.0046169098326060195,0.0003898068684832596,2.8256606813862706e-05,0.00165826026644326,-7.787343614786273e-05,0.0002089911995434614,0.05202108959673976
2024-12-06,-0.006472674217224505,-0.0009616091766149098,-0.00011421903580167243,0.0012978933968997963,-0.0003407756722309191,-0.0005379834425665476,0.0014634148953150045
2024-12-09,-0.005700915918395043,-0.001723962097133245,0.00016988631543004155,0.0011253980512283283,-9.552761616449476e-05,-0.0007771514504370133,0.028328310501358537
2024-12-10,-0.003315922566621358,-0.0008570138165243475,0.0017554846073352226,0.0011253980512283283,0.0014382326663502643,0.00013408032296208494,0.0576113551148347
2024-12-11,-0.0027135789306644825,-0.0003711204616857174,0.003459503375384976,0.0011253980512283283,0.0029946717918511675,0.00037713853060902255,-0.01582716714006912
2024-12-12,0.0009501902133674104,0.0026081301389586954,0.006920085651736769,0.004091237554690208,0.006427030097122975,0.0033497241356887798,0.04244899941747966
2024-12-13,0.0006923871104935178,0.0027942873422937553,0.010837347668680514,0.0053010260829052655,0.009946329048478753,0.004047730593111944,0.05960057359180242
2024-12-16,0.0013032510919459854,0.003441938899608688,0.010965067875899837,0.0053010260829052655,0.010108836273763706,0.004371548799768335,0.035724138195772255
2024-12-17,0.0028653948792036234,0.00506316995464322,0.004865193449531797,0.004327289471630474,0.004779602371504953,0.004596087392999164,-0.08642421525210743
2024-12-18,0.004860219705229062,0.005714571470089604,0.012100119299986839,0.006687974133626084,0.01138934026052578,0.006201387572433201,-0.009038042516689774
2024-12-19,0.006766929984866596,0.006503571686030253,0.01185681099164189,0.006687974133626084,0.011276715228022668,0.0067275307231228244,-0.0352567708528249
2024-12-20,0.010030647767525075,0.008524223710606866,0.011453204569128028,0.006687974133626084,0.011122224102922908,0.009277414760890586,0.02240426356053564
2024-12-23,0.010833641536899027,0.009299082280582627,0.012282826278353086,0.007454794396591839,0.011946538643803425,0.010066342065475091,0.07099116636191981
2024-12-24,0.007075842659522394,0.007350902746044802,0.01201668062020601,0.007454794396591839,0.011490129207987046,0.007402917578172213,-0.017787254049436575
2024-12-26,0.0076419148006780305,0.008130691763161751,0.012298272744298433,0.007454794396591839,0.011792976046248717,0.007886498387080486,-0.05074526160258332
2024-12-27,0.006734992593559686,0.007948973932108423,0.007574074485986149,0.0077873465250595944,0.0075645880361156,0.007680596697755207,-0.03356928885086787
2024-12-30,0.007516633074180316,0.008396864509807193,0.004768956635417478,0.0077873465250595944,0.00511934466290849,0.007651929024325445,-0.03305021011916344
2024-12-31,0.008505758796546425,0.00785768522361801,0.004136276242043115,0.00878857028655659,0.004606448484547485,0.008181548244683465,-0.06274403546918701
2025-01-02,0.009783629405687683,0.00723747389658129,0.0026278219660296493,0.008021750023590834,0.003263640592233437,0.00762956603137239,0.07895504556688626
2025-01-03,0.003273194674604376,0.003324978739971538,0.00300999476119426,0.007578781758341533,0.0031858620488509444,0.003299127879394957,0.0014850709586745647
2025-01-06,-0.0019330363689510634,0.0007189199138466981,0.005879514025199315,0.010375123572183547,0.005528679730425165,0.003299261930944567,-0.04145067133894495
2025-01-07,-0.004121029693060194,0.0003667337888193789,0.0021622206296210878,0.0072083799614405895,0.0020224475698404315,0.0012644839701579174,0.0014697002488740785
2025-01-08,-0.005527141989531324,0.00022308930851893533,0.002116244919848167,0.0072083799614405895,0.0019227662814211607,0.001169660407066757,-0.00050656522430214
2025-01-10,-0.006226001454050112,-0.0013612089241295047,0.0012256169530823386,0.0072083799614405895,0.0010414604740869315,-6.778246556187351e-05,0.021478195369560783
2025-01-13,-0.007117511655545968,-0.0031388937995008893,-0.0014317288706894669,0.004412038147598576,-0.001518648246776385,-0.0022852899698529963,-0.017382638722844804
2025-01-14,-0.008255672551046133,-0.0043488796069332545,-0.0009023761082634258,0.0028598352592359108,-0.0011917888958875378,-0.0026256309368955324,0.07731423282838396
2025-01-15,-0.012626605695393119,-0.00740148501595166,-0.0007716441721092062,0.0028598352592359108,-0.001362927973463175,-0.004086595672357336,-0.03420597069137606
2025-01-16,-0.01289376747566698,-0.007553416041855631,-0.0005905975565864619,0.0028598352592359108,-0.0012182179555643986,-0.0040720439404758595,0.030181252561434033
2025-01-17,-0.015322782404789794,-0.008571322949150563,0.0017545103787603759,0.00912044839470732,0.0009433096795803328,-0.0034083988160343304,-0.005713813715474756
2025-01-21,-0.016217270565591288,-0.009733564254722257,0.0013247111444803297,0.00912044839470732,0.00048103934356185805,-0.004204410792871564,-0.02135504315494337
2025-01-22,-0.014097696613172095,-0.008797264971353618,0.001475443767845737,0.00912044839470732,0.0007325058609527951,-0.0036608794077825227,-0.006598243859181292
2025-01-23,-0.013007592855458208,-0.007398346862251417,0.0014291973530903305,0.008986816957183544,0.0007841350938571462,-0.0029845492404689845,-0.014164587635274254
2025-01-24,-0.011162448359943447,-0.0055365231468029056,0.0016886964976064519,0.008986816957183544,0.0011589903745047067,-0.001923891307846943,-0.023466650856007368
2025-01-27,-0.00975927768100938,-0.004783510138536983,0.0054845592500340455,0.008813719712520478,0.00460941391274395,0.00035049283332911426,0.0023640734639690623
2025-01-28,-0.008859445724491584,-0.0044976993206421205,0.0003899348107327039,0.008403211967787157,0.00011385025230569996,-0.002053833888371383,-0.02284170549807513
2025-01-29,-0.0076284939404725315,-0.0028548550743740736,0.0005871890261902038,0.008403211967787157,0.0004014361271439123,-0.0011337984479558162,0.028327903495885404
2025-01-30,-0.008370503320181617,-0.00409843357396066,0.00017886834655142736,0.008403211967787157,-3.925291666205603e-05,-0.001959732514923041,0.010734640646320742
2025-01-31,-0.010208616137714272,-0.005153370127298233,0.0005421356363319214,0.008403211967787157,0.00017190117190438685,-0.002305581293431832,-0.05309008706919777
2025-02-03,-0.01114618309356596,-0.006247114604260087,0.0001839787396633029,0.008403211967787157,-0.00022558668821148683,-0.003031524957406576,0.021988536096152256
2025-02-04,-0.011279690989702261,-0.007101633483663438,0.0004620173304388676,0.008403211967787157,-1.7801663057123924e-05,-0.003319753562766102,-0.03645352337012321
2025-02-05,-0.009580189840192243,-0.006092852583673294,-1.67171057749826e-05,0.008403211967787157,-0.0003386439088882737,-0.003054711445076612,-0.010232799351092567
2025-02-06,-0.008740181098652955,-0.005127786294832861,-0.002473184502339086,0.0011539399356133811,-0.0026943931355129323,-0.003800485083581848,-0.03451714290429049
2025-02-07,-0.00800795409521876,-0.004299697304901161,0.0009930715234060274,0.0015644476803467013,0.0004604037282754566,-0.0016534382199998535,-0.03057719520938892
2025-02-10,-0.006416434723048538,-0.0020759134482390773,0.0027696411762813543,0.0015644476803467013,0.0021882986436659677,-0.00025583856911752403,-0.06547989008634725
2025-02-11,-0.003651178746209908,0.0005883275089563049,0.0017677620679682198,0.0019133860632486704,0.0015208583651909785,0.001177812293950108,0.024091057420887543
2025-02-12,-0.004707632720117826,0.0006513373423524258,0.0004023555176785824,0.0026365282180737153,0.0002944441252066883,0.0005268293975634296,0.05613428883532556
2025-02-13,-0.008109093690481213,-0.0020614681720454615,-0.0013864945005736726,0.001246482383613379,-0.001578917206293687,-0.0017240094448779113,-0.00028100285016493403
2025-02-14,-0.009395477051650974,-0.003405845015153359,-0.002141232168548981,0.001246482383613379,-0.002352026119052675,-0.002773566054070346,-0.004873623368530301
2025-02-18,-0.01005005757000482,-0.003931370066498444,-0.0016750196490206435,0.001246482383613379,-0.0019835058377208536,-0.0028032453671052457,0.018050813649058695
2025-02-19,-0.010173423420937128,-0.004921751012502678,-0.0012384152071788334,0.001246482383613379,-0.0016398777911063314,-0.0030801449448333846,-0.01723217010242546
2025-02-20,-0.010342938507330953,-0.005657189651082228,-0.0009191432752700831,0.001246482383613379,-0.0013920382451926322,-0.003288231755588539,-0.04797223327197698
2025-02-21,-0.008308331344538199,-0.004881829532007316,-0.0003241669868865085,0.001246482383613379,-0.0007554632112414519,-0.002603062627171923,-0.021756545199510743
2025-02-24,-0.007113204273904451,-0.004187841364761757,0.0003889974551299903,0.001246482383613379,-4.880806673428586e-05,-0.0018995130605278228,-0.08762494178787733
2025-02-25,-0.004322215085210027,-0.0018085236319876736,0.0010582813771451217,0.001557493863239224,0.0007570662287001428,-0.0003752430250282421,-0.04043677756749929
2025-02-26,-0.003573834441944749,5.563736146290527e-05,0.0033752428713620603,0.0017612553745357414,0.0029257689391013527,0.000908385046446057,-0.030905910133740465
2025-02-27,-0.002388976543488595,0.0023392817682754453,0.0038345604928341527,0.0017612553745357414,0.003470173289217291,0.002050224971058515,0.03837459125197188
2025-02-28,-0.003055275541950097,0.0017994123020405523,0.003254266386774844,0.0017612553745357414,0.0029077256369537457,0.0017803291490445566,-0.028844050845269347
2025-03-03,-0.00370934059071056,0.0006350151814712294,0.0032754724386042217,0.0017612553745357414,0.0028552169406129784,0.0011980696965047796,-0.045311188236941684
2025-03-04,-0.0027479189726250463,0.000765042567586178,0.0040408936576350925,0.0017612553745357414,0.0035768855230313697,0.0012631250066120242,0.025621016692865903
2025-03-05,-0.002466034813976853,-0.00034358618169084303,0.0029220581033705634,0.0017612553745357414,0.0025488681164501105,0.0007087832841317802,-0.05770651942025788
2025-03-06,-0.0008793512679573681,-0.0003911970099739605,0.00308984877109042,0.0017612553745357414,0.002755946918184872,0.0006851058417796159,-0.0029651004058366417
2025-03-07,-0.0003748458517068439,-0.0005903453222874096,0.00308984877109042,0.0017612553745357414,0.002767006249868227,0.0006933226224998963,-0.167545740677576
2025-03-10,0.0038053465228863556,0.0015281018494699824,0.006130268372377941,0.0030391901056161913,0.005754349836823591,0.003422294283517144,0.037245079838722016
2025-03-11,0.0034905091878914955,0.002037877567995004,0.004321953051601601,0.0030391901056161913,0.0041559862682909975,0.003264837293599957,0.07319368705023727
2025-03-12,-0.0006677605899367465,0.0004585563128062899,0.0024539650596747163,0.0020511364735655204,0.0022426553731569434,0.0012547652367163064,-0.030323348875332203
2025-03-13,-0.003910336765681565,-0.0012827365623021367,-0.0010624914989344574,0.0031057415139242924,-0.001038932581594104,-0.0011726069620630207,0.037912677650069934
2025-03-14,-0.005297361067120709,-0.00236018741928392,-0.0009194266037740477,0.0019598976633475847,-0.0010457828462245341,-0.0016398083328359688,-0.049068231054899894
2025-03-17,-0.005282920423203542,-0.0026693023753172687,0.00014581803886827297,0.00215623276841625,-0.0001044367154104771,-0.0012617645363549382,-0.054835445634435626
2025-03-18,-0.004573939222412065,-0.0023827560823094455,8.613792488868692e-05,0.00215623276841625,-0.00011922734937421141,-0.0011483139089795967,0.045761190368065634
2025-03-19,-0.004935439314938984,-0.003807127030764145,-0.00017572689788627368,0.00215623276841625,-0.000422657045187809,-0.0019913683763499238,0.0016944590202753241
2025-03-20,-0.005126519466181733,-0.0043971629395055745,0.001357076036584061,0.00215623276841625,0.0009085687295562396,-0.0015200392219279243,0.05135471581314038
2025-03-21,-0.0064019308965835,-0.0058391536958357325,0.0016841213355634891,0.00215623276841625,0.0010932598450144205,-0.0020775211355127834,0.11273547481030481
2025-03-24,-0.011494440870620813,-0.008457097097149369,-0.000466949185655482,0.0030593866861661823,-0.0010850501645161639,-0.004462011225212429,0.034423463077927825
2025-03-25,-0.014501509820527923,-0.009817059956733026,-0.005571768426147521,0.0002146802421009612,-0.005884768226750501,-0.007694397350417862,-0.05742390273973801
2025-03-26,-0.013759994989311838,-0.009871401157350409,-0.005807327430332033,-0.0006193511286807466,-0.006096270078443904,-0.007839340757699391,0.003925268964187849
2025-03-27,-0.012876788239225419,-0.009501631768503261,-0.006415114536194212,-0.0006193511286807466,-0.006588210626600842,-0.007958332142087679,-0.035704833212183235
2025-03-28,-0.010379216327808756,-0.008892417910616722,-0.005430073816029153,-0.0006193511286807466,-0.005594200843198943,-0.007161148329634019,-0.016797411271064034
2025-03-31,-0.008600796470811816,-0.00790221286279113,-0.0010842432451004527,0.00045334682236068896,-0.0015895901870765063,-0.0044931880602244465,0.03525624951763979
2025-04-01,-0.008223054066371348,-0.0067892297824241,-0.0015505391469323626,0.00045334682236068896,-0.0019450884455859162,-0.004169859665932605,0.05189662060946535
2025-04-02,-0.0090750648715876,-0.0070217687501381194,-0.0013806278016666698,0.00045334682236068896,-0.0018355773591209993,-0.004201206837358746,-0.05630172235818194
2025-04-03,-0.008684598929465786,-0.006345132177641252,-0.0007568175095099665,0.00045334682236068896,-0.0012393891750761793,-0.0035510221833245535,-0.11003572551557192
2025-04-04,-0.005441513838373841,-0.004249214349926953,0.0008430379487321172,0.0024753353052246567,0.00045653111271384903,-0.0017030664082097846,-0.02597878190231111
2025-04-07,-0.007445030594207215,-0.00694505741293922,-0.0015301986576411167,0.0015721813874747237,-0.001866351341429442,-0.0042375138253574005,-0.050235731001905815
2025-04-08,-0.006626916660448019,-0.0076445346072753235,-0.0013768050931798543,0.0015721813874747237,-0.0017271991582239411,-0.0040017826506565535,0.20449058000160122
2025-04-09,-0.010797204705681858,-0.01095821994909163,0.001711624455078799,0.0032173302737092866,0.0007822557941930913,-0.004542745450210018,-0.07552202857803939
2025-04-10,-0.010814078289640608,-0.011217607507804301,-0.00727750871776258,0.001153143230050652,-0.0072860006833824695,-0.009045579019961832,-0.0003566259450702648
2025-04-11,-0.01050815951712139,-0.01091854041437482,-0.00828879917817754,0.001153143230050652,-0.008161125432575113,-0.009398258942147068,0.00015855643290693837
2025-04-14,-0.010791784831032419,-0.010692588680179433,-0.008018573849624679,0.001153143230050652,-0.007922645450510465,-0.00935531848142306,0.006950209565496565
2025-04-15,-0.011169372089982914,-0.010821911117633146,-0.008066277412196864,0.001153143230050652,-0.007984469827510155,-0.009443865973830262,-0.05069074290399683
2025-04-16,-0.008933414166883685,-0.010369896588116143,-0.006790827813717564,0.001153143230050652,-0.006748569873057592,-0.007861999840933907,-0.0007454979855451015
2025-04-17,-0.007240620841804591,-0.009217533154500617,-0.006790338465531683,0.001153143230050652,-0.006638061015657371,-0.007015444462759056,-0.05918076725792799
2025-04-21,-0.00616936608984741,-0.007341953645889368,-0.005971616510793211,0.001153143230050652,-0.005794923630893875,-0.006070460394251601,0.04499438204493094
2025-04-22,-0.006760228123707641,-0.006690694754187031,-0.0067037413215105665,0.00035546506537047966,-0.00646847262092257,-0.006697163064637724,0.05227194715975201
2025-04-23,-0.009132045697188573,-0.0068187785689507235,-0.005741962187446353,0.00035546506537047966,-0.005708462653030783,-0.006280322890812686,0.03437870754426389
2025-04-24,-0.00868309485872872,-0.007653929852220385,-0.008060663367974914,0.00035546506537047966,-0.00778544331376353,-0.00785719877045609,0.09351849398026
2025-04-25,-0.009854050486967508,-0.00855292904938177,-0.0076986401674838546,0.001153143230050652,-0.007517198566646421,-0.008125696781482094,0.0032583903115033577
2025-04-28,-0.009693045338248524,-0.008879042596744484,-0.00782480678467275,0.001153143230050652,-0.007636306778879554,-0.008351786702877758,0.021284373105168935
2025-04-29,-0.007964656890143402,-0.008242079376223913,-0.007364707233949042,-0.004020071406373156,-0.007310282056434401,-0.007664513865491022,-0.03438223363024816
2025-04-30,-0.004569133454693728,-0.006970456409250696,-0.008973753606990579,-0.004020071406373156,-0.008561001307955132,-0.005769896666485191,-0.005829314402079844
2025-05-01,-0.0010106587683434943,-0.0051672767388288385,-0.008268887391303733,0.00035546506537047966,-0.007581243665074385,-0.003089035030924277,0.02356864125337387
2025-05-02,0.0013993354722874449,-0.003373131267698673,-0.007337956847887112,0.0005393408145166675,-0.006584962355003087,-0.00141701562658562,-0.024495847170982712
2025-05-05,0.0013240817117613592,-0.0019152943871487572,-0.005832091842636866,-0.0001717400879060262,-0.005215087928265516,-0.0010435902581434038,-0.01767474071206643
2025-05-06,0.0019954850118156873,-0.00014613820757412074,-0.0038318365814884025,-0.0001717400879060262,-0.003341368238332047,-0.00015894046425431071,0.0031546161942166075
2025-05-07,0.0014025165931009374,0.0006045201857199246,0.0029288260223564195,0.0024723225879676913,0.002762747281368175,0.0019373725959258197,0.030659773437438274
2025-05-08,0.00022385191356237544,-0.0001924656793548668,0.0025769427766242693,0.0016174339646094465,0.00234494202678935,0.0009207103026854089,0.046108194570086934
2025-05-09,0.0016109485429044788,0.00045960107417107165,0.0013420527165065835,0.0012177036599723633,0.0013126612859437352,0.0012798282042204305,0.06528003118679684
2025-05-12,0.0008167188808674179,-0.0007218664406582953,0.00293338479092356,0.0012177036599723633,0.002649429820536638,0.0010172160866706351,0.04810492051681205
2025-05-13,0.0014442497630203165,-0.0008136053001017354,0.0031783698957415243,0.0016067161503487703,0.0029001904183511024,0.0015254759633663737,0.0399319216619113
2025-05-14,0.0025091138173017765,-3.45768339198747e-05,-0.004579027663183576,-0.0015276977989899711,-0.004026983924166346,-0.0007811498382189291,-0.01407694599861275
2025-05-15,0.0035095350654118502,0.0005422186929935425,-0.0040448739816689,-0.001916710289366378,-0.003504501106233651,-0.000687218260252861,0.020670491941373468
2025-05-16,0.0055015614802430505,0.0018756218685083677,-0.004708809601178265,-0.001916710289366378,-0.003965866740653616,-2.0521983889232255e-05,-0.02280219175263177
2025-05-19,0.005292072313708396,0.0021273937283359245,0.0024271393059162928,0.001259302713626884,0.0024840657111171475,0.002277311118328994,0.005044436283555748
2025-05-20,0.005655667806355774,0.00360311935408591,0.002400637286073315,0.0012177036599723633,0.0025319871641907377,0.003001921415713902,-0.027122740878422213
2025-05-21,0.005690686074239114,0.004742896649199255,0.0018441562543476864,0.0012177036599723633,0.0020844871186799906,0.0032935547809684984,0.019004252475032086
2025-05-22,0.00524588650411434,0.005528169266640098,0.0017492037834230933,0.0012177036599723633,0.002014795172413089,0.0034975192113026023,-0.004997253689502847
2025-05-23,0.005875556204829669,0.006516092560362119,0.0017316629232009067,0.0012177036599723633,0.0020625673070505976,0.0038036200484151714,0.06709725458197968
2025-05-27,0.005544414407743416,0.0062980686191897485,0.0020298241800399087,0.0012177036599723633,0.002306284564210159,0.0037871145889973048,-0.016644185010272462
2025-05-28,0.007487617393993546,0.0072186526310706964,0.0016056853607892751,0.0012177036599723633,0.0020396202117206074,0.004412160030512186,0.0042777491260106125
2025-05-29,0.008643873086103617,0.007069262938004522,0.0016256531107811023,0.0012177036599723633,0.002095015799875994,0.004347525419601784,-0.03396601533337422
2025-05-30,0.010169698675041819,0.0077858769107725856,0.0014758198126534022,0.0012177036599723633,0.002048178507843776,0.004630949876556219,-0.010941091649071494
2025-06-02,0.010832093025485896,0.007357028591074103,0.0016323746852307955,0.0012177036599723633,0.002195109192009191,0.004494828472589546,0.004599945784019605
2025-06-03,0.010404429444834188,0.007269906037246479,0.0012499281376001585,0.0012177036599723633,0.001835625555583398,0.004260060637325004,-0.03614067809813415
2025-06-04,0.00939027287060647,0.006827379869720493,0.00023408853239902504,0.0012177036599723633,0.0008769144131503052,0.004022608514339477,-0.15384948606327908
2025-06-05,0.011626465692806013,0.009211391362938777,0.0039061772642878605,0.0012148282163815824,0.0043198691006266915,0.006558775353123309,0.0360138325066553
2025-06-06,0.008853783385606584,0.0076798084401591225,0.004857691454395515,0.002837365689154633,0.005053823487043472,0.006268704421301814,0.04453121583281344
2025-06-09,0.004378027768523472,0.005229360492507689,0.006500201245570526,0.002095972448271325,0.0062213856111968495,0.004803655177296493,0.05519232015438431
2025-06-10,0.0017093659916308773,0.0033481837203099894,0.003295959500521685,0.001051198371604509,0.0031628469010899054,0.0025025504284713084,0.0010421025390305668
2025-06-11,0.0003474350418507157,0.002225152213565402,-0.0006057603009614871,0.001051198371604509,-0.0004007255103139156,0.0006993323244969179,-0.022679683166052338
2025-06-12,0.0005176420454030082,0.0015254811576478687,-0.00015553108665305852,0.001051198371604509,-2.2258986048984152e-05,0.0007843913758734325,0.019242741328905938
2025-06-13,0.000253056761225022,0.0009352560134649116,0.00030409870371198597,0.001051198371604509,0.00035253773440299105,0.0006197133213857326,0.01167425797647222
2025-06-16,0.0005051187058128428,0.0007043678269754702,0.0005813885611271757,0.001051198371604509,0.0005992037068185916,0.000642992553140566,-0.03960360944657592
2025-06-17,0.0016924347568654692,0.0010600021029316948,0.0006184585864508435,0.001051198371604509,0.0006912096867967275,0.0010556021473889688,0.017857560202303197
2025-06-18,0.001799449149757791,0.0009558270050446701,0.0003423509689998023,0.001051198371604509,0.0004457175919544737,0.001003518513408253,0.00034155282181088666
2025-06-20,0.0004974966767167773,0.002080080203687777,0.0006767083284719046,0.001051198371604509,0.0007387560198323523,0.0008640874461467633,0.07910624722725408
2025-06-23,-0.002460169348139222,0.0012546854778694469,0.00021142080271483206,0.001205992906166629,0.00018577662325608237,0.0007084611757231449,-0.023827555571310416
2025-06-24,-0.003533545628418379,0.0010705882549082953,-0.00025185191109973465,0.001051198371604509,-0.0002789822559267122,0.0003994165253886193,-0.03868634165630777
2025-06-25,-0.002826913884136752,0.0008330572567767832,-0.0008305091152191428,0.001051198371604509,-0.0007760412460178148,1.1127134459716246e-06,-0.005418374727754274
2025-06-26,-0.001058512725070902,0.0015866022890865731,-0.0003053612531555144,0.001051198371604509,-0.0002124388102807385,0.0003728905352433723,-0.006621400161764133
2025-06-27,0.000261682258120695,0.002460771068647494,-0.00020481500649673702,0.001051198371604509,-3.822915175505441e-05,0.0006565298391957646,-0.01861926308527601
2025-06-30,0.0015838656834211082,0.003291356366968735,-0.0009766837335271807,0.0009109925360055194,-0.0006456446951002149,0.0012474233417849377,-0.0548353231730864
2025-07-01,0.00346049351471678,0.004522584121235358,0.00023439698367826886,0.0009109925360055194,0.0005507235349084156,0.002185776705929298,0.04848766871497916
2025-07-02,0.002346641637902747,0.004082780391794934,-0.001563318427388305,0.0009109925360055194,-0.0011064346641379223,0.0016287902040440718,-0.0009508330128998894
2025-07-03,0.0016843902858537244,0.00407928346647261,-0.001253577271713948,0.0009109925360055194,-0.000856325948044032,0.0012976968985899669,-0.07030747928005848
2025-07-07,-0.0013947011412630186,0.00237866771401794,-4.249560416315786e-06,0.0004688848947132968,5.465269929260798e-05,0.00023233330663279073,0.013080017887538436
2025-07-08,-0.0021298879881651136,0.0013152386691925619,-0.00018601330080080544,0.0004688848947132968,-0.0001772348194417102,0.0001413800923237885,-0.006501707849529535
2025-07-09,-0.002464469254768574,0.0007507188387384991,0.0001112401819971697,0.0011768886383648476,7.541657508800559e-05,0.000430854050910286,0.046198855706690405
2025-07-10,-0.0037703819229535475,-0.00015977714676873307,-0.0004803008889868721,0.0011768886383648476,-0.0005360197007833118,-0.0003200673008340551,0.01167844971117151
2025-07-11,-0.004742872775262041,-0.0008719146601045842,-0.0003626400335504118,0.0011768886383648476,-0.0004967083877620838,-0.0006173138448298699,0.01075495879659973
2025-07-14,-0.005572403167281105,-0.0014480582439285476,-0.0002691714796489966,0.0011768886383648476,-0.0004680489157395567,-0.0008586830550341711,-0.019500985006087518
2025-07-15,-0.005454200177956954,-0.0014057517474386201,-0.0002691714796489966,0.0011768886383648476,-0.00046189214705832254,-0.0008375277854310249,0.03444095462458378
2025-07-16,-0.006145471311300192,-0.0013345803533418587,-0.0002658111780170937,0.0011768886383648476,-0.00048214342588159657,-0.0008002676893050195,-0.007050661595447646
2025-07-17,-0.006304171549830323,-0.0014844357288540647,-0.00022304927005346,0.0011768886383648476,-0.000456139782779164,-0.0008538228736105291,0.031555911584314186
2025-07-18,-0.0063760005125728155,-0.0016532735273155446,-0.00033715322606152966,0.0011768886383648476,-0.0005670130045036022,-0.0009952879186662543,-0.003525100711992725
2025-07-21,-0.0069173411056171205,-0.0014023517720349566,-0.0002985076323358167,0.0011768886383648476,-0.0005430461582627316,-0.0008505064788984329,0.010959828902223289
2025-07-22,-0.007806995235873943,-0.002181622939726205,-0.0005275752130091449,0.0011768886383648476,-0.000811410224058122,-0.0013546799849923235,0.001354092368731555
2025-07-23,-0.006746411275067613,-0.0010118699930552037,-0.0005530179365353226,0.0011768886383648476,-0.0007471089538439538,-0.0007824805640933544,-0.08552542784602506
2025-07-24,-0.004241389280109965,0.0005324412313577039,-0.0002842296723393441,0.0011768886383648476,-0.0003518196617763301,0.00012398705395323895,0.03463720149934859
2025-07-25,-0.003665190278053193,0.0004513965868622363,-0.0005332826470305842,0.0011768886383648476,-0.0005546354809165596,-4.104877425738641e-05,0.029706848621968117
2025-07-28,-0.0038946272679270593,-6.548632946661958e-05,-0.0006132709947904172,0.0011768886383648476,-0.0006550903040087263,-0.00033942465669158014,-0.013574889801361277
2025-07-29,-0.0032253582595033418,0.0007229106754915607,-0.00031047917680379514,0.0011768886383648476,-0.00032916508781703486,0.00020607341510010986,-0.006747506520358081
2025-07-30,-0.003381831353570258,0.00040761967756112777,-0.00032311541729930374,0.0011768886383648476,-0.0003589359252668576,4.216337231432437e-05,-0.03434052685502853
2025-07-31,-0.0023748986614119776,0.0009502954587763447,-0.0001936618817714626,0.0011768886383648476,-0.0001841473814023885,0.0003781428972859823,-0.018465033347039538
2025-08-01,-0.0005959719661839992,0.001799194227560374,-4.273869963861604e-06,0.0011768886383648476,8.530973282717643e-05,0.0005863116040651336,0.02167142527004271
2025-08-04,-0.0017601692743870357,0.0007364651389436744,-0.0006689666576504612,0.0011768886383648476,-0.0005918836032272247,3.367508293314228e-05,-0.0017476574412364776
2025-08-05,-0.0020478911661702395,0.0002609057369210783,-0.0005962960369404137,0.0011768886383648476,-0.0005572256113241118,-0.0001677308307593284,0.03560499649944306
2025-08-06,-0.002566801512150856,-0.0006215498125894054,-0.0006355382318372387,0.001081962431941068,-0.000650234609207815,-0.0006285442952912834,0.007349951735303974
2025-08-07,-0.003499070358071296,-0.0005406507285569541,-0.00028786979203992703,0.001081962431941068,-0.0003732312613814316,-0.0004142808596804521,0.02264179762598033
2025-08-08,-0.003951853498450208,-0.0007347645559548557,-0.0005851921334866715,0.001081962431941068,-0.0006623076085207077,-0.0006599882487252649,0.028057128395424267
2025-08-11,-0.004188893300009643,-0.0013917136583427954,-0.000675612324861727,0.001081962431941068,-0.000777933010151133,-0.0010336874614187619,0.005324552775796538
2025-08-12,-0.004428775468336953,-0.0019324210063540698,-0.0006544577536896203,0.001081962431941068,-0.000789858890353293,-0.0012934657623779715,-0.004292710283261014
2025-08-13,-0.003516215830190217,-0.0017112714981644024,-0.000299922928417279,0.001081962431941068,-0.00043150585300129335,-0.001005618968599624,-0.011260099884090402
2025-08-14,-0.002070237743878275,-0.0004500224701594656,-0.0003892256255203949,0.001081962431941068,-0.00040573960660934296,-0.00041962497214448726,-0.015072159502432781
2025-08-15,-0.0009132485416795476,0.0007121664900804755,-0.0005703268804927121,0.001081962431941068,-0.0004764248739451979,7.092507215603126e-05,0.013819862125930686
2025-08-18,-0.00020827738351985052,0.0014941583982111275,-0.00037981861704945415,0.001081962431941068,-0.0002491867491834665,0.00043689536237510065,-0.017608491717904292
2025-08-19,0.0008536926071983183,0.002798808265659814,-0.0005269773685044089,0.001081962431941068,-0.0002875864605792495,0.0009678341204315291,-0.016564741620176276
2025-08-20,0.001625064668756036,0.0032357295588717684,-0.00046998548088561867,0.001081962431941068,-0.00019031801880105894,0.001353515580617396,-0.011770166368817137
2025-08-21,0.0009177812827000656,0.002862210950506361,-0.00047724708151507673,0.001081962431941068,-0.00023843503563233763,0.0009998773892105138,0.0603104166993377
2025-08-22,4.933169610192253e-06,0.0019857979613294276,-0.0005678366494461827,0.001081962431941068,-0.0003885129203487202,0.0005434867177762005,0.019196337227210383
2025-08-25,-0.000603253301370473,0.00106242326152324,-0.00020200140320614284,0.001081962431941068,-0.00012338452558765406,0.0004301110039832191,0.01452187916170169
2025-08-26,-0.0002318130993949648,0.0008863734591210023,-0.0006003524217465435,0.001081962431941068,-0.0004704057693442498,0.00032723890442390305,-0.005903612812939926
2025-08-27,0.0008377702417617846,0.0012597032521755786,-0.0006101960250372179,0.001081962431941068,-0.00042382258459476596,0.0009597333428543347,-0.010408659566889222
2025-08-28,0.0008107010674744507,0.0010009154824060966,-0.000710996419232413,0.001081962431941068,-0.0005247896967297574,0.0009056226037346324,-0.0356293206445078
2025-08-29,0.0011190882036551425,0.0013460327851943774,-0.0007779238199425402,0.001081962431941068,-0.0005587921148827531,0.0011004923230633398,-0.01360034804236362
2025-09-02,0.001577024297137733,0.0015312756529070625,-0.0005175864644396584,0.001081962431941068,-0.0003027425624806781,0.0013063795205151135,0.014259073808795026
2025-09-03,0.0011644165316359958,0.001609716643697928,-0.0010746443474401613,0.001081962431941068,-0.0008101862173623734,0.001123157470267891,0.01320230431684188
2025-09-04,0.0003536351235106838,0.0015159298258098429,-0.00021410590813615942,0.0007176317591216111,-9.20757923271859e-05,0.0005356570073373071,0.035717557533237444
2025-09-05,-0.0007190965319734098,0.001738112561883175,-0.0005924429268729851,0.0004193458691851914,-0.0004698663195979029,-8.637878126383205e-05,-0.0127361095766315
2025-09-08,-0.0014454007062684518,0.001012535761764237,-0.0006562802201384374,0.0004193458691851914,-0.0005830857072525383,-0.00011849154586312727,0.0016441653277190816
2025-09-09,-0.000857355283737428,0.0008719259949864521,-0.0007343550190571647,0.0004193458691851914,-0.0006359064198252671,-0.00015742667506259665,0.0023605495234688204
2025-09-10,0.0004189395105408825,0.0011995498328010875,-0.000665229899459861,0.0004193458691851914,-0.000513179924327782,0.0004191424745384294,0.05868272574299215
2025-09-11,0.00022780134540617146,0.000566815998154262,-0.0007778276995007557,0.0004193458691851914,-0.0006458099579727667,0.0003234494401349872,0.07098109112687583
2025-09-12,3.3856155307093435e-05,0.0005733427911494,0.0008269260311501625,0.0004193458691851914,0.0007731542495147931,0.0004963164769296036,0.03499204596495332
2025-09-15,-0.001625093509794872,-0.0003433554924347042,0.0008600644975591715,0.0004193458691851914,0.0007032503071167538,3.7908050351534374e-05,0.027849686096646824
2025-09-16,-0.001678296460829711,5.5973304362109694e-05,-0.007552847488444302,-0.002853601382129951,-0.006868493996266003,-0.002266009008499931,0.010006196509857018
2025-09-17,-0.0007086817970124828,0.001017138876059408,-0.006908420171386364,-0.002853601382129951,-0.006220723445684311,-0.0017812087584495383,-0.021384159862326838
2025-09-18,0.0012010787718070026,0.0025690478290159016,-0.0065270361516545795,-0.002853601382129951,-0.005747540569988736,-0.0008263430809983059,0.021877209710827492
2025-09-19,0.0030697732225397857,0.003901433215506204,-0.006207072956029915,-0.002853601382129951,-0.00533928579737086,0.00010798999319741728,0.01892459915165659
2025-09-22,0.004335130807419899,0.005057613380047536,-0.004877663152280621,-0.002853601382129951,-0.0040638457144344334,0.0007407091716340502,-0.019441082441463448
2025-09-23,0.006557689502227178,0.007167755135955737,0.00013925788584633801,0.0008796909951914935,0.0006880384806556949,0.0037186819606748064,0.03900845039857305
2025-09-24,0.00766604858744942,0.008920411115848258,0.0021095470558822756,0.0021411601625699094,0.002593289430401263,0.004903686216806485,-0.04480186162620923
2025-09-25,0.009992390179507493,0.010974886067132997,-0.0006803150210339393,0.0008796909951914935,0.0002419622947963892,0.005436018818773396,0.03938961629749567
2025-09-26,0.01095853983132744,0.011294677024692511,0.0010433806479833755,0.0008796909951914935,0.0018229603090969446,0.00600096831455746,0.006360288086303643
2025-09-29,0.01144372985463801,0.011196831231275656,0.0026368939458667143,0.0008796909951914935,0.0032533846364822937,0.0069167978765912455,0.0034011943142930328
2025-09-30,0.011895063936271388,0.010969770057237774,0.002692919011320792,0.0008796909951914935,0.003311103692579374,0.0068313098275201226,0.03260699487618123
2025-10-01,0.01099549388518283,0.009837662072190195,0.0030787321334225927,0.0013232957040821556,0.0035895073917722397,0.006458171633982211,-0.052409624917241146
2025-10-02,0.011054800003657326,0.009856004358807539,-0.00010198842412595011,0.0008034085577295217,0.0007485714094750042,0.005329718240753704,-0.014252492909231236
2025-10-03,0.010290896214016647,0.008762512964645738,-0.0013496909052528921,0.0008034085577295217,-0.0004328233874737572,0.00478293893328593,0.05305409919515741
2025-10-06,0.007028083928550784,0.0060586527439654096,-9.474117745806939e-05,0.0022831601761576694,0.0005004982225584324,0.004170836170031933,-0.04549829949251959
2025-10-07,0.006162416501508236,0.006017659955103395,-0.00048092540249195214,0.00295571719193568,0.00014557921478702444,0.004486500697018397,0.012847468714676435
2025-10-08,0.003321617447692381,0.0036892860808543926,0.0009635608761320916,0.004249430652337094,0.0012720613156160213,0.003505376178014305,-0.0072063587131694804
2025-10-09,0.0011451222844753727,0.002885525772438972,0.002991944445680207,0.004249430652337094,0.0029601731007310303,0.0029387297405852296,-0.05195335338705128
2025-10-10,0.001121526605877657,0.002592974725996247,0.0007450437598825224,0.004249430652337094,0.0009509079814722184,0.0018573698586431772,0.052779538485349636
2025-10-13,-0.001178200667212298,0.0005494289316158099,0.0005123062340046858,0.004249430652337094,0.0005753938143609936,0.0005308706471679244,-0.01539666493428667
2025-10-14,-0.0013861126210611987,0.0003107060936259169,0.00044751527431578504,0.004249430652337094,0.0005004043986229069,0.00037912107058769205,0.013674604901329141
2025-10-15,-0.0011761558785898913,-0.00021216814078073992,0.0012268980918595162,0.004249430652337094,0.001179950652349425,0.0005074547535651179,-0.014816786729139185
2025-10-16,-0.0016750323044749673,-0.00023758425193004702,0.0013102128243577568,0.004249430652337094,0.0012341390101987533,0.0005363696322766697,0.024331310172500658
2025-10-17,-0.0027059766373416848,-0.0004321195726545591,0.0025275884325897187,0.006515747148281974,0.0023452698937088284,0.0010477808161903387,0.01831477587612344
2025-10-20,-0.002841435083856914,-0.0010921388786355925,0.004136326402630518,0.006515747148281974,0.003743267778787263,0.0015221179694289717,-0.010853643121685474
2025-10-21,-0.002429620953658208,-0.0004142815459022408,0.002495640851896045,0.006515747148281974,0.002328025575659393,0.0010407368349515387,-0.008235365016010689
2025-10-22,-0.0013822866908085435,0.00015587459486772308,0.0026858756168541558,0.006515747148281974,0.0025594519683795796,0.0014209503067479576,0.022547291398770954
2025-10-23,-0.003485798351004482,-0.0014935680919498113,0.0022083482944941567,0.006515747148281974,0.001989612347572663,0.0003574551815832709,-0.03457920037137167
2025-10-24,-0.003850256836125552,-0.0011017542287515263,0.000893252446253166,0.006515747148281974,0.0008229348406169121,-0.00010420303940383776,0.042211814191010485
2025-10-27,-0.004771970524363673,-0.001928563112371889,0.0012346159385758003,0.006515747148281974,0.0010583542091815233,-0.00034692451935418593,0.01781041931942368
2025-10-28,-0.005335559286647742,-0.002014463086673914,0.0027812253622631696,0.006515747148281974,0.0024079946787017303,0.0003833911961263198,0.0020823424117692893
2025-10-29,-0.0048292558194154445,-0.0017859033466854028,0.002692667555350531,0.006515747148281974,0.0023575692120612795,0.0004534016231347497,-0.047501755655160294
2025-10-30,-0.003814275504111916,-0.0010010940465523099,-0.0030714102379582053,0.002493680074353975,-0.002829730604106038,-0.002036126304186086,0.03671813319553837
2025-10-31,-0.003977497970844953,-0.0011101832478201193,-0.002203798167956721,0.002493680074353975,-0.0020692822556285808,-0.0016569467782135035,0.025538450543862383
2025-11-03,-0.004214842682959876,-0.0016706285538145259,-0.0009136819422272516,0.0034472549227843718,-0.0009222758146143003,-0.0012921327387455717,-0.052848572813666
2025-11-04,-0.0032944474189278237,-0.0011604053222319232,-0.0015879796836220403,0.0034472549227843718,-0.001466286554502293,-0.0013741613128589766,0.039306411995623604
2025-11-05,-0.004137135214203089,-0.0017609556823898424,-0.0013525227718475905,0.0034472549227843718,-0.0013129276116709897,-0.00155672107295719,-0.03559926445921521
2025-11-06,-0.0037749833795397494,-0.0017545434245744666,-0.0009370393208526631,0.0034472549227843718,-0.0009297938733970828,-0.0013457544894185337,-0.03744886561150212
2025-11-07,-0.004281379377838641,-0.0015848567773553597,-0.0005037343113717847,0.0034472549227843718,-0.000557060170872648,-0.00104427513127478,0.03592274671529928
2025-11-10,-0.005652998465659618,-0.002718124636427132,-0.0008885702074154161,0.0034472549227843718,-0.0009962215453657782,-0.0018033211208918496,-0.01268032095842644
2025-11-11,-0.005723726282686184,-0.002805451092858593,-0.001010831106747619,0.0034472549227843718,-0.0011110348056944067,-0.001908112943340171,-0.020731107188327342
2025-11-12,-0.005028199135952642,-0.0024747656225562256,-0.0025485844840409306,0.002493680074353975,-0.002470013371011823,-0.0025116713521983716,-0.06875241071018368
2025-11-13,-0.0029283921027410294,-0.00021077843096988826,-0.0014400460147448444,0.0031462438188253426,-0.0012930546189418419,-0.0008253559889276706,0.005853666241942873
2025-11-14,-0.0033296902008840504,-0.0007461436163853086,0.001570035910615812,0.0031462438188253426,0.001345173645391563,0.00041190442186118817,0.011238716089416035
2025-11-17,-0.00398190206792459,-0.001696367404577931,0.0011392776178500437,0.002493680074353975,0.0008777950134591967,-0.00027858932052190913,-0.01893489628165649
2025-11-18,-0.004202622077306111,-0.0011783751516574563,0.0006162304197081087,0.0015353122502812589,0.00039327396553044214,-0.0002811697750017981,0.006805426562391663
2025-11-19,-0.004453103042134407,-0.0015080159225931335,-0.0018403561529570173,0.0015353122502812589,-0.0018123725814478406,-0.0016741822194447286,-0.021922199285516537
2025-11-20,-0.00530786002849617,-0.0021729956088897967,-0.0023010656703979543,0.0008827485058098918,-0.0023025788186801,-0.0022370304770217143,-0.010530198558583292
2025-11-21,-0.006044275679674728,-0.0020500055062067923,-0.0032756156196840336,0.0008827485058098918,-0.0031914514902856173,-0.0026628069969816515,0.0660172720981127
2025-11-24,-0.009181031171298188,-0.005013594671451713,-0.0049911455896546955,0.0011515606005183482,-0.004944055080433997,-0.005002369662387444,0.003870128654219355
2025-11-25,-0.010285655141088607,-0.0062930389075147915,-0.004532343164063598,0.0011515606005183482,-0.004629320994961053,-0.005412670914000299,0.016974787220379935
2025-11-26,-0.010465744177879696,-0.0067872889667096835,-0.0037466758124891954,0.0011515606005183482,-0.003957763941921403,-0.005266960412652575,0.008380619474776033
2025-11-28,-0.010792335012984365,-0.0064984513401308034,-0.002105701151552659,-0.00040702620803991716,-0.002552604334761771,-0.0043021539329163435,-6.97394621241348e-05
2025-12-01,-0.009852109103567252,-0.005455602126591655,-0.0013832716773723303,-0.00040702620803991716,-0.0018333546266906045,-0.003419556992543486,-0.0020945908399217085
2025-12-02,-0.009085571299682203,-0.005259322511321098,-0.0019103185834471606,0.0009386230126414486,-0.0022197496009644536,-0.0035848451402176146,0.039960567737700375
2025-12-03,-0.009546761215418666,-0.005395200646792512,-0.0021116986866928245,0.0009386230126414486,-0.002421552670260305,-0.0037534749278765977,0.017287167308555625
2025-12-04,-0.009060335039921099,-0.005122500178080454,-0.001130357357022354,0.0009386230126414486,-0.0015202213459276463,-0.003126483463626138,0.0010335035967348669
2025-12-05,-0.00795066207893963,-0.0038869195465175846,-0.0010910538511800542,-0.00040702620803991716,-0.0014390484626907282,-0.002489128625624675,-0.03447772390855956
2025-12-08,-0.006360698346171463,-0.0021080788813424532,-0.00150979287749947,0.0009386230126414486,-0.0016346941928116932,-0.0018089557746700598,0.012636566806914386
2025-12-09,-0.004875800632232068,-0.0016807227842039272,-0.0016343151911306908,0.0009386230126414486,-0.0016721772663124941,-0.0016575198806555351,0.014008389943791177
2025-12-10,-0.0032124193047954937,-0.0006973209876063164,-0.00157454057558031,0.0009386230126414486,-0.001516867903684776,-0.0011359308629864853,-0.010152139695978488
2025-12-11,-0.0011310780574237923,0.0005559011655560276,-0.0011324421984497267,-0.00040702620803991716,-0.0010403823978603211,-0.0007688311962137026,0.026650529578487583
2025-12-12,-0.001605312789625205,0.00019431330275496085,-0.0008714870221227151,0.0007913189009119699,-0.0008006702633879376,-0.0003386044702287716,0.03500417593015653
2025-12-15,-0.0022949567352452942,-0.00010671916583883108,-0.00040454104797533363,0.0016105303259649833,-0.00039633489148337007,-0.00025563327076786214,0.03019325551468915
2025-12-16,-0.003422774224586752,-0.000803070910617035,0.0019386531863392598,0.0034947453353349955,0.001678635302199708,0.0005677467427633343,-0.04727460429487326
2025-12-17,-0.0026367936691912407,-0.0007546558271177481,5.049797806833921e-06,0.0030994988881604883,-2.126895942630827e-05,-0.0003747772416968943,0.03389652701091261
2025-12-18,-0.0027498248872873388,-0.00166182436274613,0.001179290959024204,0.0030994988881604883,0.0009815657541358887,-0.0002412195516978211,-0.0044993863680712525
2025-12-19,-0.002157802599503534,-0.0015358493323762094,0.00044258764456368534,0.0030994988881604883,0.00035430645632902565,-0.0005465120840324365,0.015527202757108985
2025-12-22,-0.003672627812007395,-0.0022738400932847827,0.0025178399946436327,0.003246802999889967,0.002116618391761074,0.00012196013100911388,-0.006507353223946919
2025-12-23,-0.003182786569946092,-0.0017232279275943066,0.002076748052859275,0.001901153779208602,0.0017200543514991188,8.885972084762101e-05,-0.0003295782832779731
2025-12-24,-0.0027546716921872643,-0.0013686196984694285,0.0032336216809070928,0.001901153779208602,0.002778449839140866,0.00026626388038055284,-0.02125855152458737
2025-12-26,-0.0011645977462342203,0.00039579487742943714,0.0034934696930102515,0.00440508944806614,0.003224106018419423,0.0019445902962843835,-0.03327112293491274
2025-12-29,0.0012072020257544796,0.0023698704096182196,-0.0012727775695774719,0.0016068700622042054,-0.000936557737830121,0.001406977595510216,-0.011399736021774638
2025-12-30,0.0028825296557602785,0.003424580148141021,-0.0016335320482932041,0.0016068700622042054,-0.0011516317677957885,0.002244560780693306,-0.01041870064110701
