Date,ARIMA,RandomForest,LSTM,NaiveZero,ResidualHybrid,ConfidenceWeight,RegimeSwitching,Actual
2019-11-21,0.0003597683329144719,-0.006379520726348839,-0.003295985283330083,0.0,-0.002211121590771698,-0.003295985232629063,-0.006379520726348839,0.007382779864165116
2019-11-22,0.001535618110943701,-0.010807104342069156,-0.0026335737202316523,0.0,-0.0018761380646846592,-0.002633573837655069,-0.010807104342069156,-0.06337613515278105
2019-11-25,0.0007045908047423289,0.0013356756359879482,-0.0014700032770633698,0.0,-0.00034664231275747213,0.0007045896846077611,0.0013356756359879482,0.009859913662422741
2019-11-26,0.0028881976076958644,-0.006303148340794711,-0.0004240301204845309,0.0,0.00024101427943434058,-0.00042403025217826367,-0.006303148340794711,-0.022307941280083638
2019-11-27,0.0013207157934935964,-0.000903422435545075,0.00027489603962749243,0.0,0.0005547319461304767,0.0002748959324937561,-0.000903422435545075,0.007179549593621818
2019-11-29,0.0018870848046272292,-0.012035033421686523,0.0004817599547095597,0.0,-0.00026865800751592036,0.0004817593240214297,-0.012035033421686523,-0.004083323372700306
2019-12-02,0.001174561294137914,0.007620849661774978,0.00030194135615602136,0.0,0.0013907802802374928,0.0011745622824119424,0.007620849661774978,0.014831555080380181
2019-12-03,0.0013728587606216692,0.005383945712466832,3.816327080130577e-05,0.0,0.0011009933416200215,0.001372859259550573,0.005383945712466832,0.003963875055647628
2019-12-04,0.0008373343349116401,0.0034970796949560057,-0.0002768515842035413,0.0,0.0005394338425290077,0.0008373348551265716,0.0034970796949560057,-0.009473684936131738
2019-12-05,0.0008903002391961621,0.007394161572681964,-0.00045011297333985567,0.0,0.0008723253836802257,0.0008903008304157946,0.007394161572681964,-0.00801934863418639
2019-12-06,0.0013053993427534429,-0.004102751222978481,-0.0005310855340212584,0.0,-0.0001944874722220964,-0.0005310857981227283,-0.004102751222978481,0.016570545307762856
2019-12-09,0.0015473755198938234,0.005399493047112082,-0.0010173527989536524,0.0,0.0006277370651477458,0.0015473756500321003,0.005399493047112082,0.010778535721707021
2019-12-10,0.0008846226134567115,-0.000470734579588111,-0.001525799511000514,0.0,-0.0004923238069865358,-0.0004707343702980379,-0.000470734579588111,0.027051049118318137
2019-12-11,0.0009295962548847439,0.0021855381570396407,-0.002060976345092058,0.0,-0.0004761133882957829,0.0009295957940959974,0.0021855381570396407,0.01100451799142258
2019-12-12,0.0003878485868922116,-0.002208769554321637,-0.0026263489853590727,0.0,-0.001426909672360953,-0.0022087675558007656,-0.002208769554321637,0.019596855049874136
2019-12-13,0.0007210974383261111,0.0021619007879504475,-0.0031336976680904627,0.0,-0.0011091849793029265,0.0007210970045135216,0.0021619007879504475,-0.0035929071034236427
2019-12-16,0.0004491645103754901,-0.008766600452641347,-0.003502568928524852,0.0,-0.002528802758749756,-0.003502568991554035,-0.008766600452641347,0.062489030925816716
2019-12-17,0.001419158654862712,0.0038372615684349586,-0.00384495104663074,0.0,-0.0010338573602024226,0.0014191584315506258,0.0038372615684349586,-0.006601057072658228
2019-12-18,-0.0005680813239683571,-0.003955626995873569,-0.003920788876712322,0.0,-0.002638089634244093,-0.003920762028789489,-0.003955626995873569,0.03668140926102287
2019-12-19,0.0010108483254169269,-0.011218772344726876,-0.003802081337198615,0.0,-0.002719695710932381,-0.0038020814100913018,-0.011218772344726876,0.027322701196809678
2019-12-20,0.0004934918975289741,-0.00978562504454891,-0.003611359978094697,0.0,-0.0026726284431706007,-0.0036113600596800626,-0.00978562504454891,0.003828884001912939
2019-12-23,0.0002781183499895026,-0.010313613252975078,-0.0029877510387450457,0.0,-0.002489547463805466,-0.002987751208289387,-0.0029877510387450457,0.033053056592659016
2019-12-24,0.0010308388021671173,-0.008548890577736373,-0.002418307587504387,0.0,-0.0017266413450041016,-0.002418307714199755,-0.002418307587504387,0.014281386571713147
2019-12-26,0.00045994102298878704,-0.013703362841527934,-0.001991956029087305,0.0,-0.002257872240774104,-0.0019919563512301158,-0.001991956029087305,0.013291643665420405
2019-12-27,0.0006607426649674522,-0.01718163080910192,-0.0016379633452743292,0.0,-0.0023574824680776332,-0.0016379637155969236,-0.0016379633452743292,-0.0013003242296417898
2019-12-30,0.0007196951821244666,-0.015856611866479284,-0.0012119298335164785,0.0,-0.0019796613498254704,-0.0012119302824050004,-0.015856611866479284,-0.037113154023602435
2019-12-31,0.0008796276015211521,-0.003704429232798533,-0.00015699013601988554,0.0,-0.00012477040303750567,-0.0001569908171035568,-0.003704429232798533,0.008715165951965274
2020-01-02,0.002143504405580644,-0.008121165467254512,0.00041055516339838505,0.0,0.0001964065513768785,0.00041055470419479713,-0.008121165467254512,0.02811913725935113
2020-01-03,0.0015398083011587637,0.0013753468941512515,0.0002897195518016815,0.0,0.0008811744256625909,0.0013753418061572568,0.0013753468941512515,0.029202665375724943
2020-01-06,0.0007116278575618376,0.0010105272900388146,0.00028471980476751924,0.0,0.0005232844110621756,0.0007116268656866803,0.0010105272900388146,0.019071616158590942
2020-01-07,0.00036209049749452433,-0.007922437566636287,-0.00011854991316795349,0.0,-0.000738167959012787,-0.00011855185699595415,-0.007922437566636287,0.03806670539476029
2020-01-08,0.000681086614704917,-0.0063030177687884315,-0.0004806163487955928,0.0,-0.000634791654836262,-0.0004806170364300485,-0.0063030177687884315,0.048032571796591005
2020-01-09,0.0004014661690836987,0.0006142718465859592,-0.0006621388019993901,0.0,-0.00012257364714834832,0.0004014624521310873,0.0006142718465859592,-0.022189385129027878
2020-01-10,-0.0004230009857377657,-0.017081702798520303,-0.00023412471637129784,0.0,-0.002042360623102088,-0.00042300616471385174,-0.017081702798520303,-0.00664939546540687
2020-01-13,0.0012020610593776679,-0.0006648815303823769,-0.00025097315665334463,0.0,0.0002638489294887055,-0.0002509714395438379,-0.0006648815303823769,0.09320705442315454
2020-01-14,0.0020983395864962702,-0.004208901311860907,-0.0005695972358807921,0.0,7.902424531286553e-05,-0.0005695973357946138,-0.004208901311860907,0.024578285996166464
2020-01-15,-0.0007088081176663951,-0.006045928979306241,-0.0008014949271455407,0.0,-0.0013062585665656607,-0.0008015052976938855,-0.006045928979306241,-0.036769790780435206
2020-01-16,-0.0004440724825743082,0.009436901529777114,-0.0004449854604899883,0.0,0.0005734758597713734,-0.0004437292805286916,0.009436901529777114,-0.00970949177236776
2020-01-17,0.001646337091914614,-3.507257770473003e-05,-0.0004897088510915637,0.0,0.0003766396430076493,-3.5070981808349865e-05,-3.507257770473003e-05,-0.005839898292493961
2020-01-21,0.0017317546976331288,0.0037361574090599443,-0.0007627857849001884,0.0,0.0006577783751993982,0.001731754599782969,0.0037361574090599443,0.06942375101179135
2020-01-22,0.0022345348949677412,0.007600626124962275,-0.0012807995080947876,0.0,0.0009829174262768346,0.002234534992987998,0.007600626124962275,0.040049740009804484
2020-01-23,-4.62719628704165e-05,0.009428207835121372,-0.0010720996651798487,0.0,0.00040329163172499714,-4.627109546903093e-05,0.009428207835121372,0.0046244733231979715
2020-01-24,-0.00048160605800384704,-0.002358185978283564,-0.0010209879837930202,0.0,-0.0009518193563260334,-0.0010209890842037977,-0.002358185978283564,-0.012981492665205518
2020-01-27,0.0007419466722314784,0.0018657968665552445,-0.0010548194404691458,0.0,-6.457291882936225e-05,0.0007419463399503228,0.0018657968665552445,-0.012112270306427192
2020-01-28,0.0018230105065256523,0.0013638462846056298,-0.0011137942783534527,0.0,0.0002681967549512264,0.001363844519463403,0.0013638462846056298,0.01578812541828236
2020-01-29,0.002116123392469034,0.000712075795340431,-0.0012547322548925877,0.0,0.0002411552257491009,0.0007120755920484124,0.000712075795340431,0.02455056373590527
2020-01-30,0.0012905566643938084,-0.0037619709049464783,-0.0014908912125974894,0.0,-0.0006577550391510705,-0.0014908911319323466,-0.0037619709049464783,0.09799946918357422
2020-01-31,0.0011854132167942275,-0.0030279911579638506,-0.0018051143269985914,0.0,-0.0007837691051233735,-0.0018051138447555222,-0.0030279911579638506,0.015115915636712747
2020-02-03,-0.0011216764796032825,-0.003650828836144088,-0.0023763838689774275,0.0,-0.0020263105524446464,-0.0023763838812817543,-0.003650828836144088,0.18144500673128167
2020-02-04,0.00130108121726136,-0.008391205010073434,-0.0018235098104923964,0.0,-0.0013013961870949203,-0.0018235099781155032,-0.008391205010073434,0.1286187013289162
2020-02-05,-0.0017148327139744804,0.014237171522371438,0.0010975224431604147,0.0,0.0013722954500981967,0.0010975227223876528,0.014237171522371438,-0.1884503517713347
2020-02-06,-0.004601015393845287,0.007060787431683254,0.007913903333246708,0.0,0.003024576729123923,0.007060786347986359,0.007060787431683254,0.019223337648097513
2020-02-07,0.004681647545414321,0.035515137257891086,0.012186677195131779,0.0,0.011710807247497484,0.012186677285477837,0.035515137257891086,-0.0011890406149238984
2020-02-10,0.003832569053553875,0.004983779433006793,0.013499854132533073,0.0,0.008913541793941635,0.004983780182753916,0.004983779433006793,0.030554944070529517
2020-02-11,0.0016933204625073702,0.01221607298173711,0.015174968168139458,0.0,0.00969779533618088,0.012216072739015515,0.01221607298173711,0.004011205143103341
2020-02-12,3.6100253956549214e-05,-0.0007812370343002878,0.015238841064274311,0.0,0.007755691869830875,3.61014086862651e-05,-0.0007812370343002878,-0.009197917738143728
2020-02-13,0.0005219425474080033,0.006357381032197388,0.015398960560560226,0.0,0.008759757831767486,0.00635738109292972,0.006357381032197388,0.04673447142908478
2020-02-14,0.001926102686414892,0.007006877306563304,0.01625097543001175,0.0,0.00980274181924434,0.007006877395152511,0.007006877306563304,-0.004950005590520548
2020-02-18,0.0005596458896390654,-0.0009198794570945719,0.016597716137766838,0.0,0.008639801018331903,0.0005596465022752391,-0.0009198794570945719,0.0704209561694014
2020-02-19,0.0014887941657797728,0.010921565745208724,0.016637777909636497,0.0,0.010236839667894506,0.010921565676319796,0.010921565745208724,0.06649514428065981
2020-02-20,0.00017089818771194522,0.004286643890756999,0.016707440838217735,0.0,0.009083396437044497,0.004286644053111158,0.004286643890756999,-0.019826401099234645
2020-02-21,-0.0006804913815903824,-0.00932501882418074,0.01641247607767582,0.0,0.007202962845730961,-0.0006804913244337642,-0.00932501882418074,0.0017662946690655391
2020-02-24,0.0016721129667956745,-0.001999558544544378,0.015669360756874084,0.0,0.00847883016375668,0.0016721131675705137,-0.001999558544544378,-0.07752371187006901
2020-02-25,0.0006241727735355502,-0.0010728443770222844,0.014800957404077053,0.0,0.007726493675813263,0.0006241732915832421,-0.0010728443770222844,-0.041482357972054684
2020-02-26,0.00320980489205121,0.008929549254550624,0.013903886079788208,0.0,0.009288534755850257,0.008929549228371473,0.008929549254550624,-0.026744929942323813
2020-02-27,0.002647095558879627,-0.007407407155191931,0.012568079866468906,0.0,0.006703793802330379,0.0026470955575416404,-0.007407407155191931,-0.13713313026519425
2020-02-28,0.001316441421955036,0.000299272865960695,0.011312193237245083,0.0,0.006342617436139759,0.0013164423031246026,0.000299272865960695,-0.01634793886486153
2020-03-02,0.005302181283311721,0.006952248019262872,0.009994660504162312,0.0,0.0078809059788886,0.006952248296094749,0.006952248019262872,0.10725695640622722
2020-03-03,0.003552690392728393,0.010521626906618764,0.007756027393043041,0.0,0.006428323391541785,0.007756027269512147,0.010521626906618764,0.00253841597636119
2020-03-04,-0.0008705960970091396,0.006861031832770275,0.006607044488191605,0.0,0.003764365768172245,0.006607040715442782,0.006861031832770275,0.0053377564662295054
2020-03-05,0.0012996248026469457,-0.002943153480523349,0.005682083778083324,0.0,0.003112083311929718,0.0012996248101521995,-0.002943153480523349,-0.033869377142319294
2020-03-06,0.0008569574990225008,-0.004165242028058401,0.005100255832076073,0.0,0.0025176805025438937,0.0008569574625044746,-0.004165242028058401,-0.029497521251508143
2020-03-09,0.0020979588225461974,0.012779001966104386,0.004626169800758362,0.0,0.004496174839487006,0.004626170073355654,0.012779001966104386,-0.14586453718265793
2020-03-10,0.0010524778155922472,0.01922780037144005,0.006614541634917259,0.0,0.0057801376871675384,0.00661454173537293,0.01922780037144005,0.059586958381981574
2020-03-11,0.006170654612614012,0.02466597728705539,0.00866132415831089,0.0,0.009354689625366385,0.008661324497013198,0.02466597728705539,-0.017350206418942464
2020-03-12,0.00036999225684254526,0.015912016585122556,0.009787773713469505,0.0,0.006805547733343852,0.009787773656396897,0.015912016585122556,-0.12349321110648581
2020-03-13,0.001052213331778255,0.029555868731891713,0.011343075893819332,0.0,0.009271345665367692,0.011343075936073603,0.029555868731891713,-0.025164569102852984
2020-03-16,0.004624586505706142,0.03295881639149287,0.01504458487033844,0.0,0.012892550657340122,0.015044584910474017,0.03295881639149287,-0.2055222640973887
2020-03-17,0.0007782583559919874,0.03232630250507555,0.018090903759002686,0.0,0.012915436899501443,0.01809090374651971,0.03232630250507555,-0.03398134441360235
2020-03-18,0.007132726530652764,0.034715744782294396,0.02080104500055313,0.0,0.016990707426645546,0.0208010450018482,0.034715744782294396,-0.1747630508339693
2020-03-19,-0.0023161741759517075,0.037759014379611294,0.023322802037000656,0.0,0.014973572425060299,0.023322802006740077,0.037759014379611294,0.16879456002452453
2020-03-20,0.002792992600854799,0.017536510997033402,0.026010630652308464,0.0,0.016229957846092904,0.017536510946872103,0.017536510997033402,-0.00025729590144673095
2020-03-23,0.00022533220466048253,0.030091872744459368,0.028294704854488373,0.0,0.017710862021726555,0.02829470433429935,0.030091872744459368,0.0156880748949418
2020-03-24,0.0024519750395303962,0.033734044953324174,0.02884317748248577,0.0,0.019221913487060132,0.028843177315995186,0.033734044953324174,0.15084589588243305
2020-03-25,0.002327677448415258,0.023715985328309576,0.02991008199751377,0.0,0.01868974371148154,0.023715985213667794,0.023715985328309576,0.06562085599390599
2020-03-26,0.003349770131987525,0.02321530668235504,0.030471092090010643,0.0,0.019318267538641493,0.023215306594905324,0.02321530668235504,-0.020780068011606076
2020-03-27,0.0008841915803594453,0.02766989772896125,0.030927486717700958,0.0,0.019065553907965365,0.02766989745950466,0.02766989772896125,-0.026475836334381102
2020-03-30,0.0016350969812074924,0.038054204123133935,0.03131332993507385,0.0,0.020621577320794643,0.0313133298204616,0.038054204123133935,-0.02406432088934912
2020-03-31,0.00017242014464361388,0.02649977298863866,0.031187009066343307,0.0,0.018805139258366462,0.02649977281336473,0.02649977298863866,0.042632624287112744
2020-04-01,0.0021293840510127385,0.028226931455974255,0.030724575743079185,0.0,0.01949651303083868,0.028226931094232167,0.028226931455974255,-0.08446085532400277
2024-01-02,-0.000625079965357675,0.025578659375097814,0.02981220930814743,0.0,0.017698566724560147,0.02557865917716054,0.025578659375097814,-0.6619099742517939
2024-01-03,-0.007708275813428344,0.04714092909727365,0.02846585400402546,0.0,0.016511464215599347,0.02846585397812642,0.04714092909727365,-0.04096122279932548
2024-01-04,-0.0019851397306769867,0.03068815460880061,0.027613257989287376,0.0,0.01657443635734526,0.027613257698067908,0.03068815460880061,-0.0021831499656647054
2024-01-05,-0.001868649744277823,0.029130380317705783,0.027601459994912148,0.0,0.016452578054270754,0.02760145937564066,0.029130380317705783,-0.0018509415250830851
2024-01-08,0.0009887984866656443,0.022278936348576143,0.02692468650639057,0.0,0.01649556827822956,0.022278936180383967,0.022278936348576143,0.012386614576639058
2024-01-09,-4.821428309632588e-05,0.029864444307165203,0.025417428463697433,0.0,0.016105532454248162,0.025417428278194133,0.029864444307165203,-0.023096839566935645
2024-01-10,0.0013286941275643927,0.027003316280228243,0.024905342608690262,0.0,0.01607615469260335,0.024905342174905063,0.027003316280228243,-0.004350632806278706
2024-01-11,0.00019810345867026218,0.024458429724368208,0.024605734273791313,0.0,0.015226407936251095,0.02445842306786298,0.024458429724368208,-0.029145966144498332
2024-01-12,0.0011410148367560036,0.026434945855295284,0.02467317320406437,0.0,0.015826416097319763,0.024673172679589288,0.026434945855295284,-0.03734939877742937
2024-01-16,-0.00012210280682994424,0.021599796741211423,0.02580193430185318,0.0,0.01542306727305199,0.021599796549382756,0.021599796741211423,0.004649070658851077
2024-01-17,0.0014646050740449528,0.019080836530075626,0.02664833515882492,0.0,0.016206765422688403,0.019080836454725865,0.019080836530075626,-0.020025473044372487
2024-01-18,8.003009552169627e-05,0.02167243867799767,0.026855599135160446,0.0,0.01604896339263254,0.021672438531447888,0.02167243867799767,-0.017172815629643214
2024-01-19,0.0004881086110168611,0.02801193360186733,0.02676868997514248,0.0,0.01681405910366643,0.026768689210134762,0.02801193360186733,0.0014620115002590317
2024-01-22,0.0011174295282061343,0.014562359135363767,0.026544766500592232,0.0,0.015554876146192638,0.014562359126288428,0.014562359135363767,-0.016105240597581734
2024-01-23,0.0002668604924157482,0.017310312465669584,0.02605394273996353,0.0,0.015259718444128484,0.017310312409993447,0.017310312465669584,0.0016270106278732431
2024-01-24,0.0011213754408720157,0.023781326445282875,0.02477119117975235,0.0,0.015595798344275501,0.02378132548120767,0.023781326445282875,-0.006283434610725192
2024-01-25,0.0006198473974116328,0.02996504913148075,0.022839006036520004,0.0,0.015048660059268764,0.0228390059412312,0.02996504913148075,-0.12925817170128795
2024-01-26,-0.0037379603914115154,0.0375020049728044,0.021518325433135033,0.0,0.013475349983119084,0.02151832541017001,0.0375020049728044,0.003389065826718794
2024-01-29,0.002496917181532437,0.02504479777819701,0.019389789551496506,0.0,0.013491350934968605,0.01938978943391418,0.02504479777819701,0.04105548959785763
2024-01-30,0.0022699669573301327,0.01918683222010525,0.017103159800171852,0.0,0.011626983344134947,0.01710315938811744,0.01918683222010525,0.0034508226289791306
2024-01-31,0.0005314484276444146,0.020084329642316403,0.014567851088941097,0.0,0.009751043633184405,0.014567850978964904,0.020084329642316403,-0.022699471099276638
2024-02-01,2.630274264428696e-05,0.028420952232602173,0.01286339107900858,0.0,0.009541221193525446,0.012863391092626564,0.028420952232602173,0.008347821172369478
2024-02-02,0.0014385456100573448,0.02570055887466284,0.01102740690112114,0.0,0.008860322009715956,0.011027406937244667,0.02570055887466284,-0.005042858776995002
2024-02-05,0.000584004245156038,0.02294474668489984,0.008951026946306229,0.0,0.0071827080095989496,0.008951026994344077,0.02294474668489984,-0.03713468972636423
2024-02-06,-0.0004093060012437023,0.035602232038600364,0.008025831542909145,0.0,0.0076307763232415305,0.008025831625172494,0.035602232038600364,0.022067797990272177
2024-02-07,0.0021025674824419246,0.030028940197839908,0.0075465356931090355,0.0,0.007774238258409651,0.007546535832255844,0.030028940197839908,0.013309178288648946
2024-02-08,0.0010843671565188037,0.026466088734620547,0.007215684279799461,0.0,0.0068466943644229766,0.0072156843909018074,0.026466088734620547,0.010500153377802282
2024-02-09,0.0011108252359290556,0.025606885949823407,0.006948637776076794,0.0,0.006631244168312383,0.006948637893725313,0.025606885949823407,0.020933657774970457
2024-02-12,0.0015138565994275298,0.022165624333537606,0.006608845666050911,0.0,0.006256903023343885,0.006608845797972777,0.022165624333537606,-0.02850600281752684
2024-02-13,-0.00040021050110298855,0.02330048911927828,0.007026219740509987,0.0,0.005853725822468927,0.00702621981368879,0.02330048911927828,-0.02208876860591097
2024-02-14,0.0003876323324944006,0.026649284540899508,0.007399233058094978,0.0,0.006692480119829724,0.007399233148732578,0.026649284540899508,0.025167010147113134
2024-02-15,0.0019948544629545526,0.017351811307085924,0.0058539994060993195,0.0,0.005558009351341955,0.005853999578131916,0.017351811307085924,0.06035334314528131
2024-02-16,0.002645120250900088,0.01516341226458727,0.0040440987795591354,0.0,0.004652971992253694,0.0040440994034285525,0.01516341226458727,-0.0024975038337594173
2024-02-20,-9.282779542372924e-05,0.02502028659547167,0.002461670432239771,0.0,0.00380578930285244,0.002461670779074806,0.02502028659547167,-0.031447068575791784
2024-02-21,-0.0002859547234727337,0.030351846267737417,0.001664819777943194,0.0,0.003871959127689016,0.001664820255178567,0.030351846267737417,0.005199145723306438
2024-02-22,0.0014036801371988738,0.023779754428948138,0.0010953290620818734,0.0,0.0035507609729094163,0.001403683314670091,0.023779754428948138,0.013463405650618309
2024-02-23,0.00120253292671189,0.017065229285302214,0.0003510731621645391,0.0,0.002399767434670258,0.0012025340353803333,0.017065229285302214,-0.027943686650054637
2024-02-26,-0.0003945815274499424,0.027011713087638136,0.00017419399227946997,0.0,0.00272099539268492,0.00017419570702334924,0.027011713087638136,0.037973710740030475
2024-02-27,0.0025607542946213158,0.011587927012357906,-7.95463565737009e-05,0.0,0.0021354989863345856,0.0025607545623272773,0.011587927012357906,0.0016536061675660274
2024-02-28,0.00033127107842618786,0.016134021423265418,-5.659041926264763e-05,0.0,0.00176030157577188,0.0003312735801679657,0.016134021423265418,0.011499231283567918
2024-02-29,0.0012142012431522599,0.014515619139415271,6.202608346939087e-07,0.0,0.0019616699742118636,0.0012142019906355493,0.014515619139415271,-0.0007921787106965236
2024-03-01,0.0006107800646325114,0.005540500243137809,0.0005373848252929747,0.0,0.0010810043708017185,0.0006107931253355368,0.005540500243137809,0.0037575170226514664
2024-03-04,0.000950378853865164,0.005312998458988935,0.0007873302092775702,0.0,0.0013161554530882783,0.000950384683578041,0.005312998458988935,-0.07424463938175002
2024-03-05,-0.0019542235838405503,0.011129099163919298,0.0021729720756411552,0.0,0.001512277879126923,0.002172972206188598,0.011129099163919298,-0.040126798433230214
2024-03-06,0.0003411562198321433,0.012118778572694566,0.002843043766915798,0.0,0.0028388383779578193,0.0028430440585098383,0.012118778572694566,-0.023512123304642838
2024-03-07,0.00044773068832553467,0.018467981254513443,0.00317068537697196,0.0,0.0037020555018204985,0.0031706856785880615,0.018467981254513443,0.01188110874296599
2024-03-08,0.00153443200073695,0.007665738994919881,0.0028612278401851654,0.0,0.002847192968714484,0.0028612283846951928,0.007665738994919881,-0.018701625030085045
2024-03-11,-5.036467039654189e-05,0.011848820005889554,0.002824734430760145,0.0,0.002651417030792438,0.0028247346675424733,0.011848820005889554,0.013763678693560029
2024-03-12,0.0015578521722582111,0.006539594817595498,0.0024342574179172516,0.0,0.0025209834188746182,0.002434258312877488,0.006539594817595498,-0.0012947061441473569
2024-03-13,0.0005548175070480084,0.010466927465090013,0.0016561145894229412,0.0,0.0021413550680490457,0.0016561153823260646,0.010466927465090013,-0.04646099727496628
2024-03-14,-0.0017130352482419035,0.018733340549382593,0.001383316470310092,0.0,0.0019829188225843927,0.0013833167354321862,0.018733340549382593,-0.042056898779332184
2024-03-15,-0.0014879325707512102,0.005851246715289987,0.001750897616147995,0.0,0.0009307496464053791,0.001750897680948137,0.005851246715289987,0.006563076277915342
2024-03-18,-0.00010156070845961909,0.0013663368158360748,0.0013862823834642768,0.0,0.0008134065368924011,0.0013662919274760764,0.0013663368158360748,0.060664152342604714
2024-03-19,0.0013876677585009248,0.012780584709803476,0.0006953938864171505,0.0,0.002206102397203193,0.0013876691110964537,0.012780584709803476,-0.014372034891457558
2024-03-20,-0.0015059400122097591,0.010478720958152696,-8.115498349070549e-05,0.0,0.00046017966280119654,-8.115437729438354e-05,0.010478720958152696,0.025017133837829976
2024-03-21,0.001455074125192398,0.006511168748132522,-0.0008869552984833717,0.0,0.0007737937839839978,0.0014550743541053178,0.006511168748132522,-0.016299696542812377
2024-03-22,-0.0013603576042310545,0.010390088864508118,-0.0012287779245525599,0.0,-8.219073904897241e-05,-0.0012287705244313203,0.010390088864508118,-0.01158171211632812
2024-03-25,0.00021586732625636644,0.00429683567074734,-0.001719148363918066,0.0,-0.00035695192725933593,0.0002158675975946288,0.00429683567074734,0.010481683435756076
2024-03-26,0.00014581500564880324,0.0014481802824535756,-0.0021271840669214725,0.0,-0.0008867702227009449,0.0001458146785529021,0.0014481802824535756,0.0287772826285837
2024-03-27,0.0010469037330276482,0.004245862424268348,-0.002346233930438757,0.0,-0.0003652636039617866,0.0010469037151601076,0.004245862424268348,0.012084083617363902
2024-03-28,0.00028489460754711423,0.0015582568616556683,-0.0026278351433575153,0.0,-0.0010790623221889253,0.0002848941665410273,0.0015582568616556683,-0.02272190773999231
2024-04-01,-0.00046045560581946504,-0.0033936133297584616,-0.0026561308186501265,0.0,-0.001889726772530709,-0.0026561299213788397,-0.0033936133297584616,-0.0032477284143495326
2024-04-02,0.00046635177110839886,0.006706529469039014,-0.0025544038508087397,0.0,-0.0004413354363407674,0.000466351941731871,0.006706529469039014,-0.05026651935105258
2024-04-03,-0.0018006473824441404,0.0031487036580967976,-0.002288153627887368,0.0,-0.0015409700844566945,-0.0018006455415336044,0.0031487036580967976,0.010447544054431742
2024-04-04,0.0012270829095675662,-0.001734137859001584,-0.002102955710142851,0.0,-0.000787365687353546,-0.001734135499728272,-0.001734137859001584,0.016083269202606634
2024-04-05,-1.168588797447335e-05,0.015070521329686608,-0.0016484332736581564,0.0,0.000702036193759591,-1.16853440467743e-05,0.015070521329686608,-0.03696743555877544
2024-04-08,-0.0011283424567642966,0.010297162467597236,-0.000717348768375814,0.0,0.00025977383114603506,-0.0007173464378036308,0.010297162467597236,0.04783676362708771
2024-04-09,0.0023330965884903127,-0.0002592638153892493,-0.00044358137529343367,0.0,0.0006406994566908253,-0.0002592588336497632,-0.0002592638153892493,0.022295607975213145
2024-04-10,6.651754628447207e-05,0.0024356566862942576,-0.0005763394292443991,0.0,-1.938314134132577e-05,6.651867527845187e-05,0.0024356566862942576,-0.02937344256551801
2024-04-11,-0.0004080324404942972,-0.003118343433370583,-0.0005188320064917207,0.0,-0.0007441454789084978,-0.0005188404874110274,-0.003118343433370583,0.016399556773736196
2024-04-12,0.0018142408031991413,-0.006613866683984642,-0.000573818339034915,0.0,-0.0002799176705948537,-0.0005738185919278351,-0.006613866683984642,-0.020541749097701737
2024-04-15,-0.00024687454798579813,-0.0019849312847536587,-0.0006856005638837814,0.0,-0.0006511478560342456,-0.0006856020644256004,-0.0019849312847536587,-0.05757465973833702
2024-04-16,-0.0009989570096757636,0.00013229138154507677,0.0002971120411530137,0.0,-0.00021711461041739764,0.0001322862694757418,0.00013229138154507677,-0.02743506868222295
2024-04-17,0.0006325319082257912,-0.003665812354160311,0.0005345726967789233,0.0,0.0001393981296501269,0.0005345629306352624,-0.003665812354160311,-0.01062208397137564
2024-04-18,0.0007694677873490356,0.006185775283109456,0.0005617332644760609,0.0,0.0012208657949732038,0.0007694723707258625,0.006185775283109456,-0.036155647217109545
2024-04-19,-0.0003926593080413721,0.001975594003754197,0.00038221932481974363,0.0,0.00024909419128351274,0.00038221998521061984,0.001975594003754197,-0.01939578390268632
2024-04-22,0.0006091943314003237,0.0032576176564437127,0.0003346928278915584,0.0,0.0007411502532883839,0.000609197570723387,0.0032576176564437127,-0.0345935559693179
2024-04-23,-0.00021286849595667878,0.002778301603501519,0.00019538385095074773,0.0,0.00030486797318351783,0.00019538590161731956,0.002778301603501519,0.018345226676437152
2024-04-24,0.0019521103186712655,0.004529798938970655,-2.848566509783268e-06,0.0,0.001214174013976521,0.001952110442024545,0.004529798938970655,0.11387415621830609
2024-04-25,0.0046046923342664,0.016120441916149742,-4.9979775212705135e-05,0.0,0.003401822329453731,0.004604692462189519,0.016120441916149742,0.04845814470471284
2024-04-26,0.0008080185610682571,-0.012891048191985553,-0.00047649687621742487,0.0,-0.001262730377845397,-0.00047649757297323986,-0.012891048191985553,-0.011168015552988686
2024-04-29,-0.00031698211453267853,0.0020044491378634057,-0.0007578531512990594,0.0,-0.0003041155672505141,-0.00031698028693515637,0.0020044491378634057,0.14242723171122051
2024-04-30,0.006118936144065408,0.011044242361120227,-0.0007385538192465901,0.0,0.0031063257212251725,0.006118936086898189,0.011044242361120227,-0.05710084205665045
2024-05-01,-0.0034831574687552457,-0.014191605112707919,-0.00042776670306921005,0.0,-0.0030180484251247407,-0.0034831577024647545,-0.014191605112707919,-0.018113707174260838
2024-05-02,0.0010550964741722724,0.01499843853810331,9.403389412909746e-05,0.0,0.001998322940614982,0.0010550974408179354,0.01499843853810331,0.00011105007606901516
2024-05-03,0.0009977784710873624,-0.010314017459199814,0.0005307523533701897,0.0,-0.00040738491276411646,0.0005307503134857038,-0.010314017459199814,0.006533843535574036
2024-05-06,0.0009998215100525888,0.008203823549964993,0.0005676060100086033,0.0,0.0015201725790112226,0.0009998236742839982,0.008203823549964993,0.01951143790875135
2024-05-07,0.0013770201179095082,0.004471687519147205,0.0002718216273933649,0.0,0.001128542158541448,0.0013770206981622963,0.004471687519147205,-0.03834210509362053
2024-05-08,-0.0009187472988335129,-0.0015786102094184635,0.0002581886947154999,0.0,-0.000382592341467654,-0.0009187466361682353,-0.0015786102094184635,-0.017530851194269642
2024-05-09,0.0007226063434372623,0.011406609154720365,4.167994484305382e-05,0.0,0.0014738278086516964,0.000722607714143727,0.011406609154720365,-0.015864649448707812
2024-05-10,0.00041202085280715576,-0.0050110498735278265,-0.0001371531980112195,0.0,-0.0004286067474418379,-0.00013715480723026184,-0.0050110498735278265,-0.020562350450525728
2024-05-13,0.0002347053950737635,-0.0017101106247262073,-0.00014912441838532686,0.0,-0.00016269084488485473,-0.00014912637040395314,-0.0017101106247262073,0.020097034145307512
2024-05-14,0.0017764623380147181,0.003697560419362301,-0.00033103348687291145,0.0,0.0008925792706349052,0.0017764622920673487,0.003697560419362301,0.03239754278801776
2024-05-15,0.0016260336103286225,-0.0008286653319600014,-0.0008102880092337728,0.0,0.00012252960000384968,-0.0008102393442122962,-0.0008286653319600014,-0.020254418706909572
2024-05-16,-0.00044199618728926813,-0.0009106025063172779,-0.0008264819625765085,0.0,-0.000687638209864406,-0.0008264729380914391,-0.0009106025063172779,0.004873391179277019
2024-05-17,0.0012407332666363722,0.002923620509446618,-0.0011924179270863533,0.0,0.00016514391294726745,0.0012407330837769209,0.002923620509446618,0.01487402019069651
2024-05-20,0.0012077349633477482,-0.00039358138801482036,-0.0013110653962939978,0.0,-0.00025018434907488583,-0.0003935809241552406,-0.00039358138801482036,-0.014245067870223688
2024-05-21,2.4354582608576377e-05,-0.0017151534429226897,-0.0013609870802611113,0.0,-0.0008659805923154048,-0.001360984993383158,-0.0017151534429226897,0.06446711975223281
2024-05-22,0.0033072558177042097,0.0028315974580813037,-0.0015453845262527466,0.0,0.0007673149048191288,0.0028315955928974643,0.0028315974580813037,-0.035399542384592496
2024-05-23,-0.001481799945499566,-0.005304507020578045,-0.0014716812875121832,0.0,-0.001870451746536615,-0.0014818822032040672,-0.005304507020578045,-0.036007818288810785
2024-05-24,-1.612770765099976e-07,-0.00901194710491291,-0.0005194362020120025,0.0,-0.0011951793355415947,-0.0005194380026628233,-0.00901194710491291,0.03116576011599187
2024-05-28,0.002384399026998044,0.008393638692195865,-0.0002844464033842087,0.0,0.0016335596396142636,0.0023843992350563,0.008393638692195865,-0.013989415788236143
2024-05-29,-0.00022381075060436345,0.0066490964258525374,-0.000405401224270463,0.0,0.0003910779503429973,-0.00022380544915095882,0.0066490964258525374,-0.0031733327174769638
2024-05-30,0.0008628226862112799,0.0016032783900607858,-0.0005158360581845045,0.0,0.00023142365838558793,0.000862822063620913,0.0016032783900607858,0.014648923152829736
2024-05-31,0.0013202577807013619,0.003235808477710943,-0.0004929020069539547,0.0,0.0005868903838007281,0.0013202578101184587,0.003235808477710943,-0.003978997402597566
2024-06-03,0.0003951934378582091,0.0016272509125080576,-0.000520139466971159,0.0,5.2275423309220206e-05,0.00039519371764021517,0.0016272509125080576,-0.010102569596006488
2024-06-04,0.00045301610266852265,0.002662081136394,-8.590694051235914e-05,0.0,0.00040397418307191286,0.0004530174990907693,0.002662081136394,-0.008659479988969872
2024-06-05,0.000583242876665893,0.0005622978497240042,5.2055343985557556e-05,0.0,0.0003084182374210723,0.000562256215953418,0.0005622978497240042,0.0013151256990527008
2024-06-06,0.0009229922460425422,0.004900504678539922,-0.00016781047452241182,0.0,0.0007728616140327247,0.0009229929098338786,0.004900504678539922,0.016660454613497404
2024-06-07,0.0013352084928481857,0.0006307039703377787,-0.000556030310690403,0.0,0.000291822890007704,0.0006307033961488808,0.0006307039703377787,-0.0025885260992180074
2024-06-10,0.0004138316621604906,-0.0009334154256651725,-0.0009716399945318699,0.0,-0.0004361563808023068,-0.0009333913059468024,-0.0009334154256651725,-0.02101026729322036
2024-06-11,7.388473336457206e-05,-0.0022490301933943565,-0.0009264382533729076,0.0,-0.0006789216905773942,-0.0009264384961060047,-0.0022490301933943565,-0.01817434057762428
2024-06-12,0.00044722817662451545,-0.0015104784177322065,-0.0006295455386862159,0.0,-0.00030719489594840797,-0.0006295453330755379,-0.0015104784177322065,0.03811347747393242
2024-06-13,0.002369508572539023,0.0033502955521236503,-0.0006676093908026814,0.0,0.0009115578185156347,0.0023695078840671327,0.0033502955521236503,0.028799010597446485
2024-06-14,0.0011722925497357278,0.002970297073626657,-0.0006831983337178826,0.0,0.00040508540442594175,0.0011722925325422138,0.002970297073626657,-0.024746085007725318
2024-06-17,-0.0005307264862592665,-0.0033401738329291884,-0.00038032035809010267,0.0,-0.0007429724522084317,-0.0005307326920010164,-0.0033401738329291884,0.051619109593938894
2024-06-18,0.0029665579909138734,-0.0028581570879939234,-0.0007528002606704831,0.0,0.00045724555929112405,-0.0007528000548614609,-0.0028581570879939234,-0.013860022086213543
2024-06-20,-0.0005429104356480765,0.002895263593433895,-0.0013252687640488148,0.0,-0.0005902787829807156,-0.000542909451403184,0.002895263593433895,-0.017957490517488288
2024-06-21,0.00037832967660164456,0.01022381259172466,-0.0015421947464346886,0.0,0.00040685541862467954,0.000378330095202313,0.01022381259172466,0.00789947152070144
2024-06-24,0.0013033423751780183,0.007051563117353808,-0.0019410608801990747,0.0,0.000230168063055108,0.0013033425093048631,0.007051563117353808,-0.0023523229758261356
2024-06-25,0.0005489136413512651,0.005943914845732234,-0.0019269059412181377,0.0,-0.00016612637510503867,0.0005489138596438346,0.005943914845732234,0.02579011465212662
2024-06-26,0.0017088888841835142,0.0036299594531621704,-0.0021930059883743525,0.0,-9.608959550642168e-05,0.0017088886203361997,0.0036299594531621704,0.047022052078928164
2024-06-27,0.002007457238075787,-0.002428551585856085,-0.002385686617344618,0.0,-0.0007046440599009756,-0.0023856645556514402,-0.002428551585856085,0.005332819818052439
2024-06-28,0.00023245177401406156,0.00028379163335549406,-0.0025415422860533,0.0,-0.0011861925187876899,0.0002324333864152181,0.00028379163335549406,0.0023273813203096337
2024-07-01,0.0007823850603838999,0.0006150307073846243,-0.0022263412829488516,0.0,-0.0007792825441459499,0.0006150251542893538,0.0006150307073846243,0.0587798336030084
2024-07-02,0.002783596666452357,0.005391473807274053,-0.0019760187715291977,0.0,0.0006090973605924867,0.002783596493305304,0.005391473807274053,0.09710195030947986
2024-07-03,0.0032542394861894575,-0.02354801336283639,-0.0020460577215999365,0.0,-0.002227866937150761,-0.002046057863694366,-0.02354801336283639,0.06337304899541396
2024-07-05,0.001506742441150797,-0.023776250795896313,-0.0018903377931565046,0.0,-0.002841887213693096,-0.001890338041666425,-0.023776250795896313,0.02060688228437289
2024-07-08,0.0005445364801587345,-0.007541671426306716,-0.0016457478050142527,0.0,-0.0014128758934667395,-0.0016457480916083006,-0.007541671426306716,0.005629789876539415
2024-07-09,0.0006610067396673317,-0.007203872310637307,-0.0010135238990187645,0.0,-0.0010088583003250355,-0.0010135243339990476,-0.007203872310637307,0.0364508858978897
2024-07-10,0.002229180522980123,-0.014675734914241472,-0.000567697687074542,0.0,-0.0009481796215141808,-0.0005676979734890139,-0.014675734914241472,0.0035389720904070512
2024-07-11,0.000517160600511694,-0.0043293752389541055,-0.0003392136422917247,0.0,-0.0004217583380748378,-0.00033921455679414774,-0.0043293752389541055,-0.08822077208547265
2024-07-12,-0.0025324324895192036,-0.01886814530803098,0.0028637873474508524,0.0,-0.001445505823430908,-0.00253243261355738,-0.01886814530803098,0.029434316513726
2024-07-15,0.003290739124254945,0.006476364933965556,0.003878171555697918,0.0,0.0039204858643226296,0.0038781728676592934,0.006476364933965556,0.017609829570940913
2024-07-16,0.0011107470778618776,-0.021802925264569534,0.004236748442053795,0.0,0.00035462173867978146,0.0011107468018071757,-0.021802925264569534,0.015396997777534508
2024-07-17,0.0012674552891493642,-0.005260716283588495,0.003605698700994253,0.0,0.0017951270687707197,0.0012674550149787015,-0.005260716283588495,-0.03191970033228875
2024-07-18,-0.0005446529684367717,-0.006660803434467697,0.003221905790269375,0.0,0.0007586447158883194,-0.0005446530703421193,-0.006660803434467697,0.002933302220995548
2024-07-19,0.0014747080829866253,-0.008363426133962064,0.002636084333062172,0.0,0.0010572570514441047,0.0014747073250440457,-0.008363426133962064,-0.04107613843938718
2024-07-22,-0.0007444514677282938,-0.010123887580538558,0.002426518127322197,0.0,-8.30886370061163e-05,-0.000744451676296988,-0.010123887580538558,0.050182719021710745
2024-07-23,0.00342519328904345,0.00634384439945013,0.0016143074026331306,0.0,0.002796340549685093,0.0034251934982607824,0.00634384439945013,-0.020607648987956816
2024-07-24,-0.000633321678509849,-0.014567286716532029,0.0012095452984794974,0.0,-0.0011229383148161688,-0.0006333221487975865,-0.014567286716532029,-0.1316429436033912
2024-07-25,-0.003849328510763164,-0.010367189513098929,0.0017435506451874971,0.0,-0.001649939962925285,-0.003849328536120532,-0.010367189513098929,0.01953112906763447
2024-07-26,0.003513625529650099,0.005010144887065745,0.0021489979699254036,0.0,0.0029673246502140644,0.003513625594053006,0.005010144887065745,-0.0020452089625195087
2024-07-29,0.0004736551229389243,0.01228843678618127,0.0020740306936204433,0.0,0.002512405793496704,0.002074031219812115,0.01228843678618127,0.054450283723543685
2024-07-30,0.00305249603181183,0.005604973533363974,0.0017045909771695733,0.0,0.002623572326343211,0.0030524963811352844,0.005604973533363974,-0.04170207944562903
2024-07-31,-0.0014886227872390424,-0.007124167313502894,0.0018980505410581827,0.0,-0.00033081025749363683,-0.0014886229049575956,-0.007124167313502894,0.04157282172336867
2024-08-01,0.003126947770011572,0.012360356744034651,0.0016001079929992557,0.0,0.0032944971306207815,0.0031269483158234816,0.012360356744034651,-0.0677870949965208
2024-08-02,-0.0023349609528824076,-0.0037247970470169955,0.002437927993014455,0.0,-2.8155819007039465e-05,-0.0023349604438358817,-0.0037247970470169955,-0.043301714320780456
2024-08-05,0.00022477689138224362,0.004130181435993019,0.003189794020727277,0.0,0.0021491317195236072,0.0031897932966311405,0.004130181435993019,-0.04324862022379944
2024-08-06,-0.00019122272182203368,0.015321855407201969,0.004231106489896774,0.0,0.003677108161008491,0.004231106625770761,0.015321855407201969,0.008810602088580683
2024-08-07,0.0017097583477536618,0.009274014803001855,0.004489719867706299,0.0,0.0039160854844044034,0.004489720018235038,0.009274014803001855,-0.04526769292244079
2024-08-08,-0.00096725464651409,0.012034060961149158,0.005026114638894796,0.0,0.0034487333554729474,0.0050261146630357495,0.012034060961149158,0.03625590132901241
2024-08-09,0.0027433186760464144,0.007086606650313948,0.004704202059656382,0.0,0.00419735049148471,0.0047042021497191045,0.007086606650313948,0.0058169037389324395
2024-08-12,0.00046444938458068156,0.015570782482666667,0.0038032266311347485,0.0,0.0037346702826771484,0.0038032268455013207,0.015570782482666667,-0.01262938858524463
2024-08-13,0.00028336362179240545,0.00854844455504399,0.0026464834809303284,0.0,0.0023479240789641112,0.002646483734364089,0.00854844455504399,0.051032468678537876
2024-08-14,0.002798609918616523,-0.002119274279232703,0.0014309370890259743,0.0,0.0015898826876175741,0.0014309366404392982,-0.002119274279232703,-0.03152675190710158
2024-08-15,-0.0010643043047147286,-0.0030229371826319936,0.0006772783817723393,0.0,-0.00037211720357796247,-0.0010643043682070886,-0.0030229371826319936,0.061436309145650216
2024-08-16,0.003467145061336825,-0.0024622459403282016,-0.00020154286175966263,0.0,0.0009730579362469639,-0.0002015426922388593,-0.0024622459403282016,0.00920378250292453
2024-08-19,0.00023066599454052265,-0.004955522919578748,-0.0009478603024035692,0.0,-0.0009086123158174364,-0.0009478609000859711,-0.004955522919578748,0.0300815962441386
2024-08-20,0.0017746849196548361,0.0031922191122999675,-0.0017422046512365341,0.0,0.0001154572260459695,0.0017746844993788724,0.0031922191122999675,-0.007300267158314843
2024-08-21,0.0001043744833683464,-0.0007717446679464428,-0.0018886823672801256,0.0,-0.0010089569980375275,-0.0007717449130395063,-0.0007717446679464428,0.00976670507756732
2024-08-22,0.0012622064258991043,0.005354829640214786,-0.002110174624249339,0.0,-4.723375458398431e-05,0.0012622064780270375,0.005354829640214786,-0.0581363437538179
2024-08-23,-0.001430718722029883,0.003690251315290539,-0.001276656985282898,0.0,-0.0008240331678416401,-0.001276650778805779,0.003690251315290539,0.0448355914315171
2024-08-26,0.0032299146695196684,-0.0012776162279505825,-0.000979631906375289,0.0,0.0006046878974310895,-0.0009796288103077562,-0.0012776162279505825,-0.032803441227522996
2024-08-27,-0.0010454689827875813,-0.00835434210594856,-0.0005707703530788422,0.0,-0.0015548174670495158,-0.0010454709437670079,-0.00835434210594856,-0.018939062709292416
2024-08-28,0.0006114806473694028,0.0007348566059514045,0.00012675044126808643,0.0,0.0003753723695024254,0.0006114747257878447,0.0007348566059514045,-0.01667672472989858
2024-08-29,0.0004454433716574921,-0.000720158310366017,0.0008369233692064881,0.0,0.0005263064543917789,0.0004454416866850347,-0.000720158310366017,0.0025726237078790366
2024-08-30,0.0011178510055366657,0.002662996783617757,0.0014888178557157516,0.0,0.0014674672634208703,0.001488819686712584,0.002662996783617757,0.03725544123667223
2024-09-03,0.0020846064942617436,0.001720272600414101,0.0011862916871905327,0.0,0.001585951121053811,0.001720271736397635,0.001720272600414101,-0.01652927582030035
2024-09-04,-0.0003224734710121826,-0.004115666551546273,0.0014474838972091675,0.0,0.0001952677217819087,-0.000322473771868685,-0.004115666551546273,0.04098151366314106
2024-09-05,0.0023352460843391694,-0.006901621560484147,0.0012330072931945324,0.0,0.0008177939946373671,0.001233006510494244,-0.006901621560484147,0.04787601603580388
2024-09-06,0.0019162498810316431,-0.011141323678528565,0.0008792720036581159,0.0,3.8657532246363186e-05,0.0008792711243503583,-0.011141323678528565,-0.08824048544582787
2024-09-09,-0.0025274906768839502,-0.01294119612535247,0.0029930858872830868,0.0,-0.00076659721992046,-0.002527490761949992,-0.01294119612535247,0.025949973905266994
2024-09-10,0.0026257547365398483,0.00015794292344344243,0.003121030516922474,0.0,0.0026257336829776452,0.0026257531304711137,0.00015794292344344243,0.044759273955983725
2024-09-11,0.001952914452184238,0.003006453655168332,0.002179022878408432,0.0,0.0021775234151792354,0.00217902605665925,0.003006453655168332,0.008628742512625562
2024-09-12,0.0006313699377456875,-0.0011710722843701474,0.0012265577679499984,0.0,0.0007511869711932602,0.0006313688174174882,-0.0011710722843701474,0.007337206636804795
2024-09-13,0.0009788152860602832,0.004242361975879542,0.00022002827608957887,0.0,0.0009255549528680259,0.0009788162942615812,0.004242361975879542,0.002086485160728214
2024-09-16,0.0008101743049307424,0.00542375894694184,-0.0007233968935906887,0.0,0.000498297063488438,0.000810174739496994,0.00542375894694184,-0.0153589759450266
2024-09-17,0.0003057198319324073,0.006931628190457927,-0.0013723003212362528,0.0,0.00012702041190286572,0.0003057202762862405,0.006931628190457927,0.004794890315022082
2024-09-18,0.0011426233009172288,0.00370536463277884,-0.0016969419084489346,0.0,-5.093499918560609e-05,0.001142623262933079,0.00370536463277884,-0.0029445960609886415
2024-09-19,0.0006696266496784462,-0.0001404067793653517,-0.001706394599750638,0.0,-0.000633477656897185,-0.00014040737308215732,-0.0001404067793653517,0.07100962175825201
2024-09-20,0.003147597694235621,-0.004385044011674168,-0.0021264436654746532,0.0,-0.0003357217074756707,-0.002126443412650307,-0.004385044011674168,-0.023519752638904136
2024-09-23,-0.000705280003434246,-0.0011934336891967672,-0.002212804974988103,0.0,-0.0015294092118086928,-0.0011934347502994339,-0.0011934336891967672,0.048140375327935025
2024-09-24,0.0026536811731153525,0.0031185784796719023,-0.002480311319231987,0.0,6.622145222866596e-05,0.0026536792260202697,0.0031185784796719023,0.016935793509053217
2024-09-25,0.000836031073767107,0.002902142831620692,-0.0025953585281968117,0.0,-0.0007124865240278859,0.000836030881491579,0.002902142831620692,0.010757148762662677
2024-09-26,0.0010041518661106203,0.004955995017591901,-0.002699374919757247,0.0,-0.0004897747923551896,0.001004151883059304,0.004955995017591901,-0.010953821465680538
2024-09-27,0.00035487990732991227,0.0007715469659101657,-0.002306180540472269,0.0,-0.0009681548980170098,0.00035487789430312203,0.0007715469659101657,0.024249227064234113
2024-09-30,0.001725340180295398,0.0071139159336216255,-0.002149531152099371,0.0,0.00029148342183504903,0.001725340252726411,0.0071139159336216255,0.004482044837533062
2024-10-01,0.0007001938767110412,0.006356249818318612,-0.0018193174619227648,0.0,-1.0377841466401548e-05,0.0007001940965594547,0.006356249818318612,-0.013894251852425751
2024-10-02,0.00033402404358511613,0.0009486294033226674,-0.0009114800486713648,0.0,-0.00024199076640256444,0.0003340232234017729,0.0009486294033226674,-0.03550382703625739
2024-10-03,-6.084092038170644e-05,-0.002829859740957882,-0.00017148221377283335,0.0,-0.0004029212650940859,-0.0001714907156536736,-0.002829859740957882,-0.034148067454407176
2024-10-04,0.00022684782912641137,0.00624432575344652,0.0008464020793326199,0.0,0.0011648432507945388,0.0008464035030152629,0.00624432575344652,0.03839570976808356
2024-10-07,0.0024252512714225305,-0.0034715697044750975,0.0007800024468451738,0.0,0.0009731821228983028,0.0007800020748688117,-0.0034715697044750975,-0.03768957599969925
2024-10-08,-0.0007446777796652472,0.0014121479648133996,0.0010158219374716282,0.0,0.00038122719356488367,0.0010158199943385406,0.0014121479648133996,0.015124010919583781
2024-10-09,0.001781357871030131,0.005565219389067244,0.0006738085066899657,0.0,0.0016026794633218389,0.0017813585081564076,0.005565219389067244,-0.014210915403026646
2024-10-10,0.000237850179719016,0.006717750785844931,0.0005187831120565534,0.0,0.0010496685645412114,0.0005187864851998403,0.006717750785844931,-0.009503630132407265
2024-10-11,0.0007470125021506967,0.003964191565738451,0.000415134709328413,0.0,0.0009081140600058546,0.0007470151866228465,0.003964191565738451,-0.09192353886888893
2024-10-14,-0.0018448328748686968,0.0028255532802228586,0.0007436368032358587,0.0,-3.495110883018344e-05,0.0007436367094005422,0.0028255532802228586,0.00622484886936322
2024-10-15,0.0021211118051309165,-5.542665725636331e-06,0.0008987510809674859,0.0,0.0012745503241694586,0.0008987513676099974,-5.542665725636331e-06,0.0018690482583790414
2024-10-16,0.0008178750999856256,0.00612049114120903,0.0008346328395418823,0.0,0.0013727950290447284,0.0008346859622926557,0.00612049114120903,0.007983687088569507
2024-10-17,0.0010960214381909707,-0.0003333073805682912,0.0003760078689083457,0.0,0.0005791665306779265,0.0003760078897392893,-0.0003333073805682912,-0.0019899714413276278
2024-10-18,0.000710890247948605,0.00872532691081086,-0.00013705273158848286,0.0,0.001101339477789355,0.0007108912997545702,0.00872532691081086,-0.0008605378505268966
2024-10-21,0.0008641566376635955,-0.002086921245847881,-0.0007303867023438215,0.0,-0.00025839058868752554,-0.00073038659260967,-0.002086921245847881,-0.008417707909120924
2024-10-22,0.0006157155075130629,0.00292108103319189,-0.0011377150658518076,0.0,-4.6830124698453044e-05,0.0006157156437792007,0.00292108103319189,-0.0040291472851928115
2024-10-23,0.0008389950613587435,0.0025245841492415526,-0.0016292373184114695,0.0,-0.0002543236379815919,0.0008389948736176024,0.0025245841492415526,-0.02001831071853799
2024-10-24,0.0002958146847442647,-0.002236111911739022,-0.001751044299453497,0.0,-0.0010157287867742079,-0.0017510427344254174,-0.002236111911739022,0.19818699146920754
2024-10-25,0.007162801394985094,-0.00287682186765174,-0.0020210789516568184,0.0,0.00141421232448884,-0.0020210778946689214,-0.00287682186765174,0.032891334056112616
2024-10-28,-0.0004383559330002866,0.025860955641271013,-0.0025155034381896257,0.0,0.001204977831298059,-0.0004383554900548397,0.025860955641271013,-0.02512824530239814
2024-10-29,-0.00021573141527815272,0.042540590261276406,-0.0019972671288996935,0.0,0.003274877252152197,-0.00021573087798137128,0.042540590261276406,-0.01145548515134625
2024-10-30,0.0008033420770633108,-0.01384109278055134,-0.0013907423708587885,0.0,-0.0018317019830237876,-0.0013907427459085731,-0.01384109278055134,-0.007619899978935549
2024-10-31,0.0007724266685002926,0.0011506990052295729,-0.0009142209310084581,0.0,-5.438279457679722e-05,0.0007724246309926786,0.0011506990052295729,-0.030353066395916374
2024-11-01,4.472970075025781e-05,-0.010521828931040745,-0.00018482143059372902,0.0,-0.0011617538188226177,-0.00018482565257496721,-0.010521828931040745,-0.0034882074251497285
2024-11-04,0.0011435957664730574,-0.0016717310527153495,0.00021451181964948773,0.0,0.0003766252230175481,0.00021451127522505455,-0.0016717310527153495,-0.02496977961188871
2024-11-05,0.00014758897829727927,0.0012830058723966326,0.0006609626580029726,0.0,0.0005280913005761247,0.0006609629958905752,0.0012830058723966326,0.034801627017114346
2024-11-06,0.002239607317139483,0.0013962448786133139,0.0007787670474499464,0.0,0.0014028456356234868,0.001396245309952337,0.0013962448786133139,0.13759466024737685
2024-11-07,0.004595725005432335,-0.008731387613571631,0.0005849429871886969,0.0,0.001163863268838653,0.0005849428453003841,-0.008731387613571631,0.028630012464395397
2024-11-08,3.119501181907038e-05,-0.001514487634246427,0.0002371803275309503,0.0,-2.2318154705370942e-05,3.119084990169202e-05,-0.001514487634246427,0.07869717552417867
2024-11-11,0.0029459605194035515,0.0017962321552771256,0.0006981635233387351,0.0,0.0016736776008241783,0.001796232196051063,0.0017962321552771256,0.08580690404849912
2024-11-12,0.002485607630143638,0.0272723777307948,0.0010730830254033208,0.0,0.004314268409613159,0.0024856082967541038,0.0272723777307948,-0.06342678815128278
2024-11-13,-0.002097403460008203,-0.013775474115323684,0.002171379281207919,0.0,-0.0011093400073902218,-0.0020974036085414007,-0.013775474115323684,0.005313266949669512
2024-11-14,0.0018520244396970252,0.034417354367596305,0.0033780380617827177,0.0,0.005990491461588673,0.0033780386840120296,0.034417354367596305,-0.059448133931949705
2024-11-15,-0.001027088848856421,0.009178816884434412,0.004800840280950069,0.0,0.003015970693720612,0.004800840224167017,0.009178816884434412,0.030196972790488486
2024-11-18,0.0025380331065512213,0.014865910380990657,0.005148846656084061,0.0,0.005148320317818662,0.005148846935922688,0.014865910380990657,0.054664350493325395
2024-11-19,0.002126695362449113,0.0006258767170938812,0.0052491044625639915,0.0,0.0035748495439961725,0.002126695707804952,0.0006258767170938812,0.02120595242401374
2024-11-20,0.0008456812100433639,0.005423004836282507,0.0046780407428741455,0.0,0.003284482687806604,0.004678039664921081,0.005423004836282507,-0.01154032611298051
2024-11-21,0.00027383820982186625,0.0065098713942971995,0.003917461261153221,0.0,0.0027866518821822828,0.003917461150010675,0.0065098713942971995,-0.007012172684276001
2024-11-22,0.0008068679240664913,-0.00017489195400615512,0.0032824056688696146,0.0,0.0019764506950677935,0.0008068685369484151,-0.00017489195400615512,0.0373345373484672
2024-11-25,0.0020844819043369434,0.005029397724444111,0.0027504051104187965,0.0,0.0027297192952275722,0.002750406169191968,0.005029397724444111,-0.04043088853449338
2024-11-26,-0.0008228845246569989,0.012652200933169615,0.0029479721561074257,0.0,0.0025010651986098692,0.002947972318131954,0.012652200933169615,-0.001063755153845317
2024-11-27,0.0013597238306678747,0.005768745097199395,0.0025407394859939814,0.0,0.0024202099387088793,0.0025407400216944875,0.005768745097199395,-0.015914020837727676
2024-11-29,0.00043195540804641093,-0.002539905618525189,0.002043703105300665,0.0,0.0009531053466258681,0.0004319551246339884,-0.002539905618525189,0.03619593916712737
2024-12-02,0.0022989435178460537,0.01571591164882626,0.0008714512223377824,0.0,0.0029485131975515015,0.002298944142873774,0.01571591164882626,0.03397975234247804
2024-12-03,0.0016765357977796937,0.0037868724696442525,-0.00048339925706386566,0.0,0.0007852317420998,0.0016765357869188932,0.0037868724696442525,-0.016005713052796626
2024-12-04,9.245480310591831e-05,-0.004405539039179359,-0.0016581229865550995,0.0,-0.001269562958595281,-0.0016581231934296285,-0.004405539039179359,0.018355288553428408
2024-12-05,0.0017268136375845349,0.0020154237434753335,-0.002438837895169854,0.0,-0.00038174432098524516,0.0017268104364886138,0.0020154237434753335,0.03178623389945424
2024-12-06,0.0017892377621740922,0.0009237185049615497,-0.0027394944336265326,0.0,-0.0006246027142616493,0.0009237176250845536,0.0009237185049615497,0.05202108959673976
2024-12-09,0.0023216191375314784,0.0012732146889814372,-0.003062562784180045,0.0,-0.0005501791110380716,0.001273213967499835,0.0012732146889814372,0.0014634148953150045
2024-12-10,0.0004690600151592009,0.007717012277470612,-0.0020218861754983664,0.0,-6.283888033858508e-05,0.00046906027835907574,0.007717012277470612,0.028328310501358537
2024-12-11,0.0018754747533906986,0.001781512569068137,-0.0008462767582386732,0.0,0.00046867718378404855,0.0017815025285154004,0.001781512569068137,0.0576113551148347
2024-12-12,0.0025298854726905936,-0.008385700317826879,-0.0001257073599845171,0.0,4.2117934591207745e-05,-0.00012570761522872137,-0.008385700317826879,-0.01582716714006912
2024-12-13,-0.0001514514414372568,-0.004757145170535001,0.0006087457295507193,0.0,-0.00023574597575385246,-0.0001514525364057278,-0.004757145170535001,0.04244899941747966
2024-12-16,0.0025168009093399233,-0.0003193697171542868,0.0009519128361716866,0.0,0.0014213148515537096,0.0009519129833357162,-0.0003193697171542868,0.05960057359180242
2024-12-17,0.0024413827247325177,-0.007097857741942627,0.0010306345066055655,0.0,0.0007344151430893147,0.0010306339217590844,-0.007097857741942627,0.035724138195772255
2024-12-18,0.0015099376176926208,-0.004443400305729275,0.0012509928783401847,0.0,0.0007636568098139978,0.001250989221658395,-0.004443400305729275,-0.08642421525210743
2024-12-19,-0.0022113332862604383,-0.007043336380074107,0.004453173838555813,0.0,0.0007118289171733831,-0.0022113332293961403,-0.007043336380074107,-0.009038042516689774
2024-12-20,0.0015690464195368104,0.016983363903611173,0.006124996580183506,0.0,0.005495791875023364,0.006124996707502462,0.016983363903611173,-0.0352567708528249
2024-12-23,-0.00012901703544913716,0.006989875004562498,0.006990598514676094,0.0,0.004259036129942097,0.006989507952840086,0.006989875004562498,0.02240426356053564
2024-12-24,0.0020519562448576044,-0.0008610037243863848,0.006168057210743427,0.0,0.0038646976197556485,0.0020519563450851225,-0.0008610037243863848,0.07099116636191981
2024-12-26,0.0030177151812003896,0.008597523160293403,0.004756724927574396,0.0,0.004485252035296588,0.004756725241726729,0.008597523160293403,-0.017787254049436575
2024-12-27,-0.0003545547229468793,-0.002794216604454491,0.003463875502347946,0.0,0.0013541506463912354,-0.000354554575140372,-0.002794216604454491,-0.05074526160258332
2024-12-30,-0.00042583380521970865,-0.002467971609087904,0.0031317174434661865,0.0,0.001189914491124586,-0.0004258335969501601,-0.002467971609087904,-0.03356928885086787
2024-12-31,0.0005061646156739729,0.008432830628519067,0.002494959393516183,0.0,0.0023437120498602717,0.0024949597274743396,0.008432830628519067,-0.03305021011916344
2025-01-02,0.00031255602068147516,-0.0003603655557748851,0.0028288892935961485,0.0,0.001534898754989307,0.000312557105247707,-0.0003603655557748851,-0.06274403546918701
2025-01-03,-0.00068253249891758,-0.0006101109702082676,0.0031110551208257675,0.0,0.0012722357085433005,-0.000610097801777317,-0.0006101109702082676,0.07895504556688626
2025-01-06,0.00443210584619633,0.00547216030665858,0.0030530765652656555,0.0,0.003831383676895893,0.004432105610651032,0.00547216030665858,0.0014850709586745647
2025-01-07,0.0001266452372486464,0.0012719847250505399,0.0030647246167063713,0.0,0.001752808522898519,0.0012719850394485002,0.0012719847250505399,-0.04145067133894495
2025-01-08,-0.0003338605187353668,0.004708797248046864,0.0034102173522114754,0.0,0.0021075670724413583,0.0034102168502694492,0.004708797248046864,0.0014697002488740785
2025-01-10,0.0015793727082001022,0.01539479201088493,0.003359398106113076,0.0,0.00391646208714422,0.003359398584197868,0.01539479201088493,-0.00050656522430214
2025-01-13,0.0009903560938922973,0.012047595018982995,0.0030221655033528805,0.0,0.0031725202639975355,0.0030221658842675544,0.012047595018982995,0.021478195369560783
2025-01-14,0.0017724755909527235,0.0024390145281624706,0.0022988622076809406,0.0,0.002111350095554327,0.0022988570654585566,0.0024390145281624706,-0.017382638722844804
2025-01-15,0.00020021003184696098,-0.011396344366778187,0.002199295675382018,0.0,3.160157799514087e-05,0.00020020961833584785,-0.011396344366778187,0.07731423282838396
2025-01-16,0.003854930419138566,0.000986070014033128,0.0014792303554713726,0.0,0.002339874157001245,0.001479231954446081,0.000986070014033128,-0.03420597069137606
2025-01-17,-0.0010392824249334303,-0.006682945573242629,0.0006889279466122389,0.0,-0.0007336208360614021,-0.0010392828257707615,-0.006682945573242629,0.030181252561434033
2025-01-21,0.002495126650065641,-0.007945951813302855,3.057694993913174e-05,0.0,0.0001543120254650144,3.057666985087824e-05,-0.007945951813302855,-0.005713813715474756
2025-01-22,0.0004695738621969405,0.012187735877338067,-0.000393535359762609,0.0,0.001233825441591501,0.00046957493279740133,0.012187735877338067,-0.02135504315494337
2025-01-23,0.00040634113880666837,0.005780255439011692,-0.0007941618096083403,0.0,0.00034376818704175485,0.00040634178439069075,0.005780255439011692,-0.006598243859181292
2025-01-24,0.0010694021227805105,0.007371748796344724,-0.001218132209032774,0.0,0.0005444938047442179,0.0010694024009298502,0.007371748796344724,-0.014164587635274254
2025-01-27,0.0006359283303681875,-0.000886429870735003,-0.0014986861497163773,0.0,-0.0006166475719899848,-0.000886428898762768,-0.000886429870735003,-0.023466650856007368
2025-01-28,0.00042044713474477177,0.004692316481552406,-0.0012396809179335833,0.0,8.400073891016936e-06,0.00042044750240317436,0.004692316481552406,0.0023640734639690623
2025-01-29,0.0013952946599732022,0.002778666389966509,-0.001047660131007433,0.0,0.00028381448513723775,0.0013952943471507034,0.002778666389966509,-0.02284170549807513
2025-01-30,0.0002333287100564108,0.0025105382117073826,-0.0006759881507605314,0.0,1.178746014721848e-06,0.0002333293686212954,0.0025105382117073826,0.028327903495885404
2025-01-31,0.0021496746175177234,0.007605333858145,-1.4246907085180283e-06,0.0,0.0016075679789455868,0.0021496748987357727,0.007605333858145,0.010734640646320742
2025-02-03,0.0010293078315309575,0.002959167908244794,0.00031620735535398126,0.0,0.0008620920334672854,0.0010293087123006484,0.002959167908244794,-0.05309008706919777
2025-02-04,-0.000806246209683408,-0.005151907694500468,0.0004709431086666882,0.0,-0.000598370136193924,-0.0008062467614199139,-0.005151907694500468,0.021988536096152256
2025-02-05,0.002269960713708645,0.0022335184160312406,2.6781810447573662e-05,0.0,0.0011147479696187788,0.0022334928554644364,0.0022335184160312406,-0.03645352337012321
2025-02-06,-0.00042354623191777027,-0.0007549916944525866,0.00017626967746764421,0.0,-0.00014979968062270478,-0.0004235448945576235,-0.0007549916944525866,-0.010232799351092567
2025-02-07,0.0010696854439829616,0.007981478326120872,0.00011116580571979284,0.0,0.001289770794241271,0.0010696863404478162,0.007981478326120872,-0.03451714290429049
2025-02-10,-1.228056574976836e-05,-0.0008616434113309269,0.0008784733363427222,0.0,0.00035744893151371426,-1.2280511291900588e-05,-0.0008616434113309269,-0.03057719520938892
2025-02-11,0.0003861281314324278,0.002198362446834264,0.0013290193164721131,0.0,0.0010568395280109353,0.001329019227141419,0.002198362446834264,-0.06547989008634725
2025-02-12,-0.0007829154394454099,-0.0009543334950388735,0.0024197245948016644,0.0,0.0008433879958610927,-0.000782909985070874,-0.0009543334950388735,0.024091057420887543
2025-02-13,0.0024597382870775696,0.00954904720895372,0.0026513077318668365,0.0,0.003288471141677226,0.0026513127530421923,0.00954904720895372,0.05613428883532556
2025-02-14,0.002515143342865056,0.012790812503984892,0.0020307842642068863,0.0,0.0033251960317919084,0.0025151453016611564,0.012790812503984892,-0.00028100285016493403
2025-02-18,0.00039927073008560836,0.010429093205711715,0.0012897590640932322,0.0,0.0018897246095637941,0.0012897600751629586,0.010429093205711715,-0.004873623368530301
2025-02-19,0.0008609157984380096,0.009947022044460104,0.0005182811873964965,0.0,0.0016211595445647887,0.0008609185900288058,0.009947022044460104,0.018050813649058695
2025-02-20,0.0016230095015252386,0.0029836401701112914,-0.00017630960792303085,0.0,0.0008395744366812031,0.0016230093227993139,0.0029836401701112914,-0.01723217010242546
2025-02-21,0.00025062975586536405,0.004447572055768311,-0.0005484522553160787,0.0,0.00027285126263390584,0.0002506307660220919,0.004447572055768311,-0.04797223327197698
2025-02-24,-0.0003479289598076684,0.005259858086534781,-8.565397001802921e-05,0.0,0.0003644599010723437,-8.56503730810021e-05,0.005259858086534781,-0.021756545199510743
2025-02-25,0.0008065604385394693,0.013363455823859116,0.0003971262485720217,0.0,0.0018901033978578302,0.000806562789437451,0.013363455823859116,-0.08762494178787733
2025-02-26,-0.0015898848394695591,0.014845247360533902,0.0021862327121198177,0.0,0.002041733064522017,0.002186232897819287,0.014845247360533902,-0.04043677756749929
2025-02-27,0.0006353033879704204,0.023052326517774908,0.0035750078968703747,0.0,0.004453879894140655,0.0035750081854728517,0.023052326517774908,-0.030905910133740465
2025-02-28,0.000143669545079572,0.025794253187826906,0.004273379221558571,0.0,0.004906241243722994,0.0042733794171269344,0.025794253187826906,0.03837459125197188
2025-03-03,0.002451310568691784,0.011878631338582746,0.003934738226234913,0.0,0.004184054759830237,0.003934738773590582,0.011878631338582746,-0.028844050845269347
2025-03-04,-0.0004643583031478817,0.013545214132752802,0.004288652911782265,0.0,0.0034188135442210564,0.004288653014078571,0.013545214132752802,-0.045311188236941684
2025-03-05,-0.0004149087293391921,0.024538409098750758,0.004485446959733963,0.0,0.004671409495921703,0.00448544711385456,0.024538409098750758,0.025621016692865903
2025-03-06,0.002139423269605756,0.020477175172774902,0.0037420871667563915,0.0,0.004851397149419311,0.003742087730192323,0.020477175172774902,-0.05770651942025788
2025-03-07,-0.0013456448324715826,0.038280110798702395,0.0032663799356669188,0.0,0.005104340622867567,0.0032663801238388495,0.038280110798702395,-0.0029651004058366417
2025-03-10,0.0012885742328723761,0.03086666749323555,0.002788662211969495,0.0,0.005105964205631159,0.0027886628420969468,0.03086666749323555,-0.167545740677576
2025-03-11,-0.004864711545522118,0.03419526326740616,0.005193444900214672,0.0,0.004322565639861232,0.005193444965138487,0.03419526326740616,0.037245079838722016
2025-03-12,0.003629517433397442,0.028509039427448365,0.006524164229631424,0.0,0.007678671456288607,0.006524164529376513,0.028509039427448365,0.07319368705023727
2025-03-13,0.0030016973098714755,0.0204173423521961,0.006524916738271713,0.0,0.00660451900174024,0.006524916949970694,0.0204173423521961,-0.030323348875332203
2025-03-14,-0.0007969490751399793,0.034435600994272515,0.006307801231741905,0.0,0.006479967484692477,0.006307801336903706,0.034435600994272515,0.037912677650069934
2025-03-17,0.002458335864382231,0.02876817834964744,0.005561926402151585,0.0,0.006762106976579019,0.005561926681063417,0.02876817834964744,-0.049068231054899894
2025-03-18,-0.0011579526115128524,0.022720708389282834,0.005073951557278633,0.0,0.0045011501462470516,0.005073951661030537,0.022720708389282834,-0.054835445634435626
2025-03-19,-0.0005627271720174718,0.02624663724213229,0.004487763158977032,0.0,0.004791882236900113,0.004487763310945196,0.02624663724213229,0.045761190368065634
2025-03-20,0.0029080121342897588,0.017912147219839275,0.00393865117803216,0.0,0.004982901002845639,0.003938652074871003,0.017912147219839275,0.0016944590202753241
2025-03-21,0.0005108391781502154,0.018544266057577346,0.0030609779059886932,0.0,0.003677812435186744,0.0030609782332395087,0.018544266057577346,0.05135471581314038
2025-03-24,0.002632328986067806,0.020863798047559175,0.0021274571772664785,0.0,0.0042515223257389495,0.002632330904109233,0.020863798047559175,0.11273547481030481
2025-03-25,0.004280596752054002,0.01231901408309128,0.0011404226534068584,0.0,0.003496879239697627,0.0042805969459333406,0.01231901408309128,0.034423463077927825
2025-03-26,0.0010704726654504862,0.012631096495962415,0.00010955415200442076,0.0,0.0017682863899680216,0.0010704736174744866,0.012631096495962415,-0.05742390273973801
2025-03-27,-0.0013704786499730641,0.01992737255189417,0.00013615400530397892,0.0,0.0015971740289312162,0.0001361546176335306,0.01992737255189417,0.003925268964187849
2025-03-28,0.0015864266973509224,0.02317368938859597,0.0010911371791735291,0.0,0.00355627947909794,0.0015864286619328052,0.02317368938859597,-0.035704833212183235
2025-03-31,-0.00037192943517087786,0.008381338867873091,0.0019401174504309893,0.0,0.0017167114488470042,0.0019401177273725013,0.008381338867873091,-0.016797411271064034
2025-04-01,0.0006831545949950518,0.0035823761495474902,0.0021763192489743233,0.0,0.0017483199316535795,0.002176319207598391,0.0035823761495474902,0.03525624951763979
2025-04-02,0.00217110914398179,0.018749574859173456,0.0025027627125382423,0.0,0.004049398173389525,0.002502765648116473,0.018749574859173456,0.05189662060946535
2025-04-03,0.0021831942037501186,-0.0027861309558684867,0.002823597751557827,0.0,0.0019999435447240056,0.0021831928482493853,-0.0027861309558684867,-0.05630172235818194
2025-04-04,-0.0015097594154579615,0.007605923513800721,0.0031226398423314095,0.0,0.001807292815951192,0.0031226398351577676,0.007605923513800721,-0.11003572551557192
2025-04-07,-0.0021397314836102185,0.010095260882055115,0.005224496126174927,0.0,0.002900986390145367,0.005224496056707321,0.010095260882055115,-0.02597878190231111
2025-04-08,0.0011286146118338438,0.014973807368279862,0.008103636093437672,0.0,0.006135442730556706,0.00810363609125089,0.014973807368279862,-0.050235731001905815
2025-04-09,-0.0005487757817294926,0.015431688029648023,0.011571208946406841,0.0,0.007319033659678244,0.011571208770000499,0.015431688029648023,0.20449058000160122
2025-04-10,0.008059370642770661,0.008160303514382645,0.013544023036956787,0.0,0.010885125825849525,0.008160313043793107,0.008160303514382645,-0.07552202857803939
2025-04-11,-0.003750812883222967,0.042260212725556384,0.014411352574825287,0.0,0.01031252939588315,0.014411352593973204,0.042260212725556384,-0.0003566259450702648
2025-04-14,0.0017004593829719767,0.030314233793460363,0.014420509338378906,0.0,0.011177876238455198,0.014420509354072592,0.030314233793460363,0.00015855643290693837
2025-04-15,0.0008284055184825036,0.009955055579907906,0.014758674427866936,0.0,0.008919326899367828,0.00995505548136338,0.009955055579907906,0.006950209565496565
2025-04-16,0.001086987473008421,0.014209770398650658,0.01476603839546442,0.0,0.00946066838032255,0.01420976868358777,0.014209770398650658,-0.05069074290399683
2025-04-17,-0.000872446473999625,0.0036531333066475657,0.015242877416312695,0.0,0.00786605810465262,0.003653133441247827,0.0036531333066475657,-0.0007454979855451015
2025-04-21,0.0013610724972484382,0.007098509007171116,0.015213582664728165,0.0,0.009062895229320148,0.007098509058207142,0.007098509007171116,-0.05918076725792799
2025-04-22,-0.0010871445662088183,0.003894453314356799,0.015130382962524891,0.0,0.0077508053416949435,0.003894453426030683,0.003894453314356799,0.04499438204493094
2025-04-23,0.0029445416268287106,0.0015680919498301602,0.015271613374352455,0.0,0.009130403936091012,0.002944542271172312,0.0015680919498301602,0.05227194715975201
2025-04-24,0.00207799479235294,0.00329279894479245,0.014633454382419586,0.0,0.008648063786125624,0.0032927996784546665,0.00329279894479245,0.03437870754426389
2025-04-25,0.0014559124347832194,-0.00605959291482297,0.012674129568040371,0.0,0.00644008802182513,0.001455912478681237,-0.00605959291482297,0.09351849398026
2025-04-28,0.003264282111266595,-0.009000978131230804,0.009621062316000462,0.0,0.005263649747028752,0.003264282035521522,-0.009000978131230804,0.0032583903115033577
2025-04-29,0.00015882296369223504,-0.004008130745373205,0.005818689242005348,0.0,0.00263480630577496,0.0001588230269403683,-0.004008130745373205,0.021284373105168935
2025-04-30,0.0014715075813428343,0.012716145653025413,0.0021047773770987988,0.0,0.0029550872573717883,0.002104778857012562,0.012716145653025413,-0.03438223363024816
2025-05-01,-0.0003057784056504654,-0.009893419995730277,-0.0003845288883894682,0.0,-0.0013339977725744258,-0.0003845411670897328,-0.009893419995730277,-0.005829314402079844
2025-05-02,0.001002792882845624,-0.0018718793882154098,-0.001214213203638792,0.0,-0.0004314021095479612,-0.001214212138372038,-0.0018718793882154098,0.02356864125337387
2025-05-05,0.0015849731655733057,-0.005458288057670876,-0.0007236268138512969,0.0,-0.0003257197596245095,-0.0007236270355201694,-0.005458288057670876,-0.024495847170982712
2025-05-06,-3.904961834563607e-05,0.004080883670792674,0.00040111009730026126,0.0,0.0006113596065990022,0.00040111208731946033,0.004080883670792674,-0.01767474071206643
2025-05-07,0.0005781681050367172,0.0122931221046844,0.0016065792879089713,0.0,0.002313035630360688,0.0016065801648372901,0.0122931221046844,0.0031546161942166075
2025-05-08,0.0011040186046114757,0.011773497899325122,0.002627345733344555,0.0,0.0029852209149919505,0.0026273462796299737,0.011773497899325122,0.030659773437438274
2025-05-09,0.0017166623008450228,0.008639647703255952,0.003331580897793174,0.0,0.003258886146177523,0.0033315813279320003,0.008639647703255952,0.046108194570086934
2025-05-12,0.0019267804555245399,0.008593170269910815,0.003996468614786863,0.0,0.0036760079683823585,0.003996468880032341,0.008593170269910815,0.06528003118679684
2025-05-13,0.002349145492868886,0.00691930362778676,0.004230502527207136,0.0,0.0037857291912339356,0.004230502686537401,0.00691930362778676,0.04810492051681205
2025-05-14,0.001693305474193089,0.004748963517420582,0.004437190480530262,0.0,0.003416602106580292,0.0044371876576913055,0.004748963517420582,0.0399319216619113
2025-05-15,0.001611407345290756,-0.0010299062186002112,0.004283219110220671,0.0,0.002710760087208019,0.0016114073496058948,-0.0010299062186002112,-0.01407694599861275
2025-05-16,0.00012759848254245915,0.005093057410338094,0.004086703062057495,0.0,0.0026714489422326885,0.004086702322797275,0.005093057410338094,0.020670491941373468
2025-05-19,0.0015902420165957566,-0.001885498705580612,0.0036929307971149683,0.0,0.0023114858327190338,0.0015902418290091019,-0.001885498705580612,-0.02280219175263177
2025-05-20,2.9693968127148776e-05,0.0015495075167851818,0.0032765569631010294,0.0,0.0018529419373350532,0.0015495075955434744,0.0015495075167851818,0.005044436283555748
2025-05-21,0.0012150926691711474,0.00588643693431543,0.0033388868905603886,0.0,0.002786548102005835,0.0033388869687467487,0.00588643693431543,-0.027122740878422213
2025-05-22,3.939073818478298e-05,-0.005466652472041685,0.003682470880448818,0.0,0.0013421630833057342,3.939064539506664e-05,-0.005466652472041685,0.019004252475032086
2025-05-23,0.0016494988803320417,-0.00690230870293065,0.0033809917513281107,0.0,0.0016572251224895253,0.0016494984203690316,-0.00690230870293065,-0.004997253689502847
2025-05-27,0.0006377078824273059,0.0018097776926930956,0.0026189438067376614,0.0,0.0017754627052876204,0.00180977731163769,0.0018097776926930956,0.06709725458197968
2025-05-28,0.002978921779520681,0.007807692909164365,0.0017472855979576707,0.0,0.0028442026508090686,0.002978922383126257,0.007807692909164365,-0.016644185010272462
2025-05-29,-2.5518529426064927e-05,-0.011675544786913723,0.0010423926869407296,0.0,-0.0006776222102658427,-2.5519378261142716e-05,-0.011675544786913723,0.0042777491260106125
2025-05-30,0.00116993637118647,-0.0024683961353059876,0.0006206791731528938,0.0,0.0005131440990363265,0.0006206776826287637,-0.0024683961353059876,-0.03396601533337422
2025-06-02,-0.00013846738509832744,-0.001717074743751071,0.0009204173693433404,0.0,0.00024243365622606027,-0.000138467695039775,-0.001717074743751071,-0.010941091649071494
2025-06-03,0.0008130880059896981,0.0006005133616496513,0.000899575010407716,0.0,0.0008355819726561978,0.0008130813649283035,0.0006005133616496513,0.004599945784019605
2025-06-04,0.0011225316284498841,-0.0011411667147528688,0.0007933698361739516,0.0,0.0007203435150660288,0.0007933673328838353,-0.0011411667147528688,-0.03614067809813415
2025-06-05,-0.0002027077801512587,-0.0032272590848159,0.0011408586287871003,0.0,0.00017535201221118262,-0.0002027081929237445,-0.0032272590848159,-0.15384948606327908
2025-06-06,-0.0034819878579346966,0.01945476586149565,0.005288556218147278,0.0,0.0033831949128628855,0.005288556261558748,0.01945476586149565,0.0360138325066553
2025-06-09,0.003008206943279446,-0.0032332544516079005,0.006529584527015686,0.0,0.004172738832265116,0.003008206819628431,-0.0032332544516079005,0.04453121583281344
2025-06-10,0.0019960831564841707,0.00518805975191619,0.006547483615577221,0.0,0.004661249846483624,0.0051880593304803255,0.00518805975191619,0.05519232015438431
2025-06-11,0.002300726990309135,-0.007754763078114808,0.005749075673520565,0.0,0.0030348202783910348,0.002300726799911735,-0.007754763078114808,0.0010421025390305668
2025-06-12,0.000594991765514396,-0.009272004244597917,0.005050971172749996,0.0,0.0018657375386031576,0.0005949916425249501,-0.009272004244597917,-0.022679683166052338
2025-06-13,0.00023747625400754766,0.00447728502663193,0.0048242839984595776,0.0,0.0030287741004083493,0.004477282397040687,0.00447728502663193,0.019242741328905938
2025-06-16,0.0016467793918703857,0.0045855183769199755,0.0046961139887571335,0.0,0.0035148220514806313,0.004585509835603973,0.0045855183769199755,0.01167425797647222
2025-06-17,0.0011398636321238282,0.009009213538155912,0.004086206667125225,0.0,0.003463030122610258,0.004086206803253392,0.009009213538155912,-0.03960360944657592
2025-06-18,-0.0003480806092097873,-0.004963078838021196,0.003788640024140477,0.0,0.0012998875601836568,-0.00034808063423940634,-0.004963078838021196,0.017857560202303197
2025-06-20,0.001719008763591583,0.0008317052644396225,0.0034441493917256594,0.0,0.002513132826718049,0.0017190093090757926,0.0008317052644396225,0.00034155282181088666
2025-06-23,0.0008037193960024136,0.000572404674590352,0.003012970322743058,0.0,0.0019139299188095152,0.000803723229833299,0.000572404674590352,0.07910624722725408
2025-06-24,0.003306033716916218,-0.0042929878254662135,0.002421641256660223,0.0,0.0020691495009210192,0.0024216402773758255,-0.0042929878254662135,-0.023827555571310416
2025-06-25,-0.00036787817395658945,0.0008738661841241411,0.0017107718158513308,0.0,0.0008270592134629279,0.0008738657961183278,0.0008738661841241411,-0.03868634165630777
2025-06-26,-4.244788916397198e-05,0.0024487571891625764,0.0013417336158454418,0.0,0.0009247376026763795,0.0013417334355574852,0.0024487571891625764,-0.005418374727754274
2025-06-27,0.0010323343591801906,0.0021841476288542152,0.00025052105775102973,0.0,0.0007496866068447878,0.0010323347683032973,0.0021841476288542152,-0.006621400161764133
2025-06-30,0.0007537862832547016,0.008453298698903685,-0.0009707370772957802,0.0,0.0006618273314979292,0.0007537867326087595,0.008453298698903685,-0.01861926308527601
2025-07-01,0.00041269728792515795,0.0010163175936500105,-0.0018489272333681583,0.0,-0.0006860395053336662,0.000412696078494066,0.0010163175936500105,-0.0548353231730864
2025-07-02,-0.0005790573079671041,-0.002920349083131107,-0.00194300408475101,0.0,-0.0015204107354187368,-0.0019430037957531112,-0.002920349083131107,0.04848766871497916
2025-07-03,0.002758237326930065,-0.005247547105058212,-0.0018951122183352709,0.0,-0.0004552183865748683,-0.0018951121350291,-0.005247547105058212,-0.0009508330128998894
2025-07-07,0.0005258489238357728,0.0025428552850262575,-0.0019126178231090307,0.0,-0.0005180453604836717,0.0005258488383002987,0.0025428552850262575,-0.07030747928005848
2025-07-08,-0.0011554755389483842,-0.00027951440303159775,-0.0014218543656170368,0.0,-0.0012019633562950613,-0.0011554729518636316,-0.00027951440303159775,0.013080017887538436
2025-07-09,0.0018191805946154854,0.003558894995647815,-0.0005877242656424642,0.0,0.0007629186752549195,0.001819180435594903,0.003558894995647815,-0.006501707849529535
2025-07-10,0.0006151376095343276,0.003597504967377475,-3.62923601642251e-05,0.0,0.0005880159490578697,0.0006151388048414297,0.003597504967377475,0.046198855706690405
2025-07-11,0.002346088951254234,0.007125106786845609,7.37728551030159e-05,0.0,0.0016720468640901388,0.002346089181786391,0.007125106786845609,0.01167844971117151
2025-07-14,0.0009276722507477546,-0.0027553741786392636,-5.263474304229021e-05,0.0,4.5008715167653424e-05,-5.263539133284008e-05,-0.0027553741786392636,0.01075495879659973
2025-07-15,0.0011636413535421424,-0.0007149339634244204,0.00014381762593984604,0.0,0.0004466043211498534,0.00014381780907305326,-0.0007149339634244204,-0.019500985006087518
2025-07-16,0.0002609715826666192,0.008701792761343178,0.000601926411036402,0.0,0.0013056298523732301,0.0006019292034449545,0.008701792761343178,0.03444095462458378
2025-07-17,0.002088150305227596,0.001559298381612504,0.00047751859528943896,0.0,0.0012069017671656212,0.0015592974205430195,0.001559298381612504,-0.007050661595447646
2025-07-18,0.0004533205973221158,0.003035074139565436,0.00022182654356583953,0.0,0.0006004840490294567,0.0004533244930590645,0.003035074139565436,0.031555911584314186
2025-07-21,0.0019172902297928721,0.011015299802973862,-0.0002509035402908921,0.0,0.001741672810621623,0.0019172905806912426,0.011015299802973862,-0.003525100711992725
2025-07-22,0.0005812247813157363,-0.0036993799076238316,-0.0005821556551381946,0.0,-0.00045697839503019717,-0.0005821561926346964,-0.0036993799076238316,0.010959828902223289
2025-07-23,0.0012775654555835215,-0.0060816749636901715,-0.0009247006382793188,0.0,-0.0006110993583026969,-0.0009247008981080983,-0.0060816749636901715,0.001354092368731555
2025-07-24,0.0008493848276137435,-0.001139852299425572,-0.0013602650724351406,0.0,-0.0004898095095709199,-0.0011398483054722605,-0.001139852299425572,-0.08552542784602506
2025-07-25,-0.0015850736061911955,0.000206231780653868,-0.0011291250120848417,0.0,-0.001166473582451098,-0.001129123576174904,0.000206231780653868,0.03463720149934859
2025-07-28,0.002594460297783983,-0.003264042810490071,-0.0007813558913767338,0.0,0.00025801216758563174,-0.0007813557849607933,-0.003264042810490071,0.029706848621968117
2025-07-29,0.0014618685592929848,-0.004674389267762854,-0.0007462040521204472,0.0,-0.000303775379003481,-0.0007462042501533565,-0.004674389267762854,-0.013574889801361277
2025-07-30,0.0002782558421681086,-0.0035561868602243998,-0.000737255671992898,0.0,-0.000638076769333319,-0.0007372563002901059,-0.0035561868602243998,-0.006747506520358081
2025-07-31,0.0008201917292771253,0.00875376949586698,-0.0004847428062930703,0.0,0.0009677294475871345,0.0008201923684116833,0.00875376949586698,-0.03434052685502853
2025-08-01,-4.371039045231184e-05,0.002318945599847645,0.0002717014867812395,0.0,0.0003616150888982898,0.0002717041492812439,0.002318945599847645,-0.018465033347039538
2025-08-04,0.0006419800699804584,0.014148926385130411,0.0007132553146220744,0.0,0.0020701604086090213,0.000713268887392017,0.014148926385130411,0.02167142527004271
2025-08-05,0.0016698181559391845,0.007337927075880281,0.0005409967270679772,0.0,0.0016743507117743285,0.00166981886388876,0.007337927075880281,-0.0017476574412364776
2025-08-06,0.0006719017181318115,0.001792161698614404,0.0001258754637092352,0.0,0.0005070362044234786,0.0006719026518042975,0.001792161698614404,0.03560499649944306
2025-08-07,0.0019515390833969816,0.0002011679383127183,-0.0004130240995436907,0.0,0.0005574352642886363,0.00020116899052901896,0.0002011679383127183,0.007349951735303974
2025-08-08,0.0008247787265574123,-0.002125492839570831,-0.0010950518772006035,0.0,-0.00046466037263536136,-0.001095051428959216,-0.002125492839570831,0.02264179762598033
2025-08-11,0.0015052499547934329,-0.0006462319565681131,-0.001464326400309801,0.0,-0.00024074205332678717,-0.000646231201560176,-0.0006462319565681131,0.028057128395424267
2025-08-12,0.00153088112085177,-0.003142497207927883,-0.0017583102453500032,0.0,-0.0006390001224389954,-0.0017583098277878446,-0.003142497207927883,0.005324552775796538
2025-08-13,0.0008331692106047918,0.005073513032360785,-0.001991793280467391,0.0,-0.0001800532611409484,0.0008331693286226121,0.005073513032360785,-0.004292710283261014
2025-08-14,0.0007388327510588074,-0.002086384542955874,-0.0021744482219219208,0.0,-0.0010476755820285418,-0.0020863737933632725,-0.002086384542955874,-0.011260099884090402
2025-08-15,0.0006093467344862971,0.006122423677587265,-0.0023048492148518562,0.0,-0.00031855349356025924,0.0006093468960776592,0.006122423677587265,-0.015072159502432781
2025-08-18,0.0005537855567492115,0.004024244897990489,-0.0020369687117636204,0.0,-0.00041853389697938195,0.0005537856544591225,0.004024244897990489,0.013819862125930686
2025-08-19,0.0014201791682686886,0.004977323117024609,-0.0021944332402199507,0.0,-6.877144467902431e-05,0.0014201791638040935,0.004977323117024609,-0.017608491717904292
2025-08-20,0.0002758587616198939,-0.002636271432447525,-0.0018924190662801266,0.0,-0.0011371824824752993,-0.0018924181863021743,-0.002636271432447525,-0.016564741620176276
2025-08-21,0.000567444315265784,-0.006328705440278325,-0.001428914489224553,0.0,-0.0011678138212336067,-0.0014289147856281512,-0.006328705440278325,-0.011770166368817137
2025-08-22,0.0006872210742585146,-0.0017547297090225336,-0.001346753677353263,0.0,-0.0006084386948233901,-0.0013467517293491733,-0.0017547297090225336,0.0603104166993377
2025-08-25,0.002716220171017333,-0.0036779730259094614,-0.0015105290804058313,0.0,-0.0001122160413938914,-0.0015105288559347399,-0.0036779730259094614,0.019196337227210383
2025-08-26,0.0009107268480076171,-0.007454329602386139,-0.0017020073719322681,0.0,-0.0012922647700554795,-0.001702007580597918,-0.007454329602386139,0.01452187916170169
2025-08-27,0.0011511508415845261,0.0015585313203177274,-0.0019095889292657375,0.0,-0.000378002273679323,0.0011511487253724874,0.0015585313203177274,-0.005903612812939926
2025-08-28,0.0005926103686702798,0.0017469186460109102,-0.001873439410701394,0.0,-0.0005543247675871509,0.0005926099090270559,0.0017469186460109102,-0.010408659566889222
2025-08-29,0.0006413792379470353,0.003379010135389775,-0.001437641680240631,0.0,-0.00014376147993285827,0.000641379353467754,0.003379010135389775,-0.0356293206445078
2025-09-02,-4.830829007062599e-05,-0.002413927510785007,-0.0003745440626516938,0.0,-0.0004594951367677632,-0.00037454661938217875,-0.002413927510785007,-0.01360034804236362
2025-09-03,0.0008029191545789919,-0.0015539142943209092,2.8467155061662197e-05,0.0,0.00016256121833029338,2.846649831264676e-05,-0.0015539142943209092,0.014259073808795026
2025-09-04,0.0014052339611945353,0.004537507179523695,0.0002768612466752529,0.0,0.0011487347690014487,0.0014052345268054215,0.004537507179523695,0.01320230431684188
2025-09-05,0.0011391570844157656,0.00021908791092532256,-0.00016384234186261892,0.0,0.0003755145894362708,0.00021908942428548655,0.00021908791092532256,0.035717557533237444
2025-09-08,0.0018005194941531867,0.00027797135366457274,-0.0007703120354562998,0.0,0.000324007114642137,0.0002779716498566787,0.00027797135366457274,-0.0127361095766315
2025-09-09,0.00021265712534311164,-0.006022741499380827,-0.0009303123224526644,0.0,-0.0010164672862844875,-0.0009303129995456849,-0.006022741499380827,0.0016441653277190816
2025-09-10,0.0010520525799545407,0.0014337865135880148,-0.0013809436932206154,0.0,-0.00015751247343220257,0.001052050384658142,0.0014337865135880148,0.0023605495234688204
2025-09-11,0.0009349835143948288,0.001995635606403122,-0.001737839775159955,0.0,-0.00032774084834686203,0.0009349829472093372,0.001995635606403122,0.05868272574299215
2025-09-12,0.00255096859684675,-0.0051197344648968275,-0.0022689423058182,0.0,-0.0007134628550421658,-0.002268942162671077,-0.0051197344648968275,0.07098109112687583
2025-09-15,0.0024141075432640973,-0.007623720075631576,-0.002697083167731762,0.0,-0.0012437224140503136,-0.0026970831604085058,-0.007623720075631576,0.03499204596495332
2025-09-16,0.0012878437748867746,-0.017588633332881732,-0.0023921197280287743,0.0,-0.0025459436623281673,-0.002392119933827089,-0.017588633332881732,0.027849686096646824
2025-09-17,0.0013963143626572027,-0.008242110598579638,-0.0024659112095832825,0.0,-0.0015792529586220988,-0.0024659112953030566,-0.008242110598579638,0.010006196509857018
2025-09-18,0.0009370241507861998,-0.009049653403165832,-0.002487762598320842,0.0,-0.0018498788752958919,-0.002487762737790751,-0.009049653403165832,-0.021384159862326838
2025-09-19,0.00022829117527770645,0.006810322664317475,-0.0019500590860843658,0.0,-0.00021175591616936574,0.00022829148203700681,0.006810322664317475,0.021877209710827492
2025-09-22,0.0018107291109361258,-0.0035294838246842796,-0.001912406412884593,0.0,-0.0006506049658219072,-0.0019124060636954506,-0.0035294838246842796,0.01892459915165659
2025-09-23,0.0013710195476540556,-0.006549090211551887,-0.0018007876351475716,0.0,-0.0010731108372353197,-0.0018007877397136745,-0.006549090211551887,-0.019441082441463448
2025-09-24,0.00021838004884477762,-0.0011650648156799814,-0.0012383218854665756,0.0,-0.0006719009736348381,-0.001165052249561132,-0.0011650648156799814,0.03900845039857305
2025-09-25,0.002327734380680251,-0.0030829660390184976,-0.001164053799584508,0.0,-2.2107737608215768e-05,-0.0011640535652207575,-0.0030829660390184976,-0.04480186162620923
2025-09-26,-0.0007359973562408877,-0.00977035686785422,-0.0006966989021748304,0.0,-0.0016466168458488918,-0.0007360214596228748,-0.00977035686785422,0.03938961629749567
2025-09-29,0.0025458897588353227,-0.004496720627529392,-0.0005833636969327927,0.0,0.000214009860445417,-0.0005833637608891665,-0.004496720627529392,0.006360288086303643
2025-09-30,0.0008374321434945516,-0.003243862665168944,-0.000677114468999207,0.0,-0.00036049552362437786,-0.0006771147390974536,-0.003243862665168944,0.0034011943142930328
2025-10-01,0.0010293512867868113,-0.00025486420755475766,-0.0009390974882990122,0.0,-0.00011339384158471949,-0.0002548635277982806,-0.00025486420755475766,0.03260699487618123
2025-10-02,0.0019457470635410134,-0.003149494641675692,-0.0011107705067843199,0.0,-0.00014816288828593078,-0.001110770343717938,-0.003149494641675692,-0.052409624917241146
2025-10-03,-0.0009150362142703744,-0.005178180552645737,0.00041634944500401616,0.0,-0.0006708387504512348,-0.0009150367297823789,-0.005178180552645737,-0.014252492909231236
2025-10-06,0.0009437612055546865,0.005633228643588118,0.001607559504918754,0.0,0.0017676455128359787,0.0016075607585930374,0.005633228643588118,0.05305409919515741
2025-10-07,0.002704219080848836,0.003938392768384735,0.00126589962746948,0.0,0.002093062071516872,0.002704218966191381,0.003938392768384735,-0.04549829949251959
2025-10-08,-0.0008648375325581274,-0.014949960086282677,0.0013591620372608304,0.0,-0.0011743864145212822,-0.000864837910807707,-0.014949960086282677,0.012847468714676435
2025-10-09,0.0017331186467906003,-0.005925373587999822,0.0009023211314342916,0.0,0.0005176183922899673,0.0009023200770814608,-0.005925373587999822,-0.0072063587131694804
2025-10-10,0.0006265405565801148,0.005194767539441367,7.098133210092783e-05,0.0,0.0008120187664040634,0.0006265421313046619,0.005194767539441367,-0.05195335338705128
2025-10-13,-0.000582676216717223,-0.008717527804475395,0.0008548207115381956,0.0,-0.0006829044630332015,-0.0005826767885067513,-0.008717527804475395,0.052779538485349636
2025-10-14,0.003004597075974131,-0.0049784296390316465,0.0005362669471651316,0.0,0.000915090054174525,0.000536266723628819,-0.0049784296390316465,-0.01539666493428667
2025-10-15,5.8371046502133945e-05,0.002733983765296235,6.029254291206598e-05,0.0,0.0003350204065897495,6.0547198142615516e-05,0.002733983765296235,0.013674604901329141
2025-10-16,0.001522332685103264,0.003971640853986987,-0.0005356830079108477,0.0,0.0007182689577637112,0.0015223327625910302,0.003971640853986987,-0.014816786729139185
2025-10-17,0.00045184749698822045,0.0024193857861750847,-0.0007685156306251884,0.0,2.812790359833328e-05,0.00045184780734264224,0.0024193857861750847,0.024331310172500658
2025-10-20,0.0017545505985873673,-0.0014733238752923775,-0.0012316775973886251,0.0,-0.00011088762772825571,-0.001231673827719316,-0.0014733238752923775,0.01831477587612344
2025-10-21,0.001279732615074657,0.00015395787043128315,-0.0019850165117532015,0.0,-0.0005120995503960764,0.00015395745080626792,0.00015395787043128315,-0.010853643121685474
2025-10-22,0.0005351257689396245,-0.003548634110211179,-0.0025310509372502565,0.0,-0.0014595314163003718,-0.002531050282383554,-0.003548634110211179,-0.008235365016010689
2025-10-23,0.0008300756511510133,0.004494852338389267,-0.002764869946986437,0.0,-0.0006376905003778869,0.0008300756564455812,0.004494852338389267,0.022547291398770954
2025-10-24,0.0016485080119788033,0.0009933884952625562,-0.0028512279968708754,0.0,-0.0007287712121539182,0.0009933872334376044,0.0009933884952625562,-0.03457920037137167
2025-10-27,-0.0001553836908054528,-0.001866251671920432,-0.002257872838526964,0.0,-0.001410890952456869,-0.0018662497152199,-0.001866251671920432,0.042211814191010485
2025-10-28,0.0023994920475188452,0.00183805326405319,-0.0021034555975347757,0.0,3.021597977993177e-05,0.0018380517428180768,0.00183805326405319,0.01781041931942368
2025-10-29,0.0011232169100700547,0.00242534579238375,-0.002258441410958767,0.0,-0.0004784844852731376,0.0011232164388126837,0.00242534579238375,0.0020823424117692893
2025-10-30,0.0008982543121686199,0.004333881400097412,-0.0024718171916902065,0.0,-0.000477689339484397,0.0008982543178239008,0.004333881400097412,-0.047501755655160294
2025-10-31,-0.0003479249709609138,-0.008733112109291705,-0.00210757227614522,0.0,-0.0021150880040848464,-0.0021075726929102195,-0.008733112109291705,0.03671813319553837
2025-11-03,0.002343749630827947,0.0006487496874805429,-0.0020070017781108618,0.0,-6.419031136273593e-05,0.00064874947446319,0.0006487496874805429,0.025538450543862383
2025-11-04,0.001375715193734581,-0.0012690957125381058,-0.0020159666892141104,0.0,-0.0006377767613103525,-0.0012690947550072736,-0.0012690957125381058,-0.052848572813666
2025-11-05,-0.0006692680973447872,-0.011020122227415241,-0.0013054211158305407,0.0,-0.0020622430041630497,-0.0013054225799374727,-0.011020122227415241,0.039306411995623604
2025-11-06,0.002460274110652798,-0.00165583405746694,-0.000823137117549777,0.0,0.0003507743308951718,-0.000823136223885737,-0.00165583405746694,-0.03559926445921521
2025-11-07,-0.0003233786957729471,0.004742567314987876,0.0002899151877500117,0.0,0.0005133687538331126,0.0002899165885057267,0.004742567314987876,-0.03744886561150212
2025-11-10,0.00022688500118848336,-0.006526167900475229,0.0010326466290280223,0.0,-5.5258718208411395e-05,0.0002268839112366265,-0.006526167900475229,0.03592274671529928
2025-11-11,0.002235549244242692,0.007261194593344443,0.0009499720763415098,0.0,0.0020934249362024003,0.002235549821994994,0.007261194593344443,-0.01268032095842644
2025-11-12,0.0003366809099464215,0.00371486126634309,0.00044974812772125006,0.0,0.0007427672134374093,0.0004497565122354511,0.00371486126634309,-0.020731107188327342
2025-11-13,0.0005069661570501756,-0.005003457072876956,0.00038920313818380237,0.0,-0.00012121129143726481,0.0003891949737167314,-0.005003457072876956,-0.06875241071018368
2025-11-14,-0.0006733180471093742,-0.002393240602214986,0.0012406663736328483,0.0,0.00013195935790958756,-0.000673317988288057,-0.002393240602214986,0.005853666241942873
2025-11-17,0.0016438461605974373,-0.005568470191816972,0.0017181487055495381,0.0,0.0009389162703271573,0.0016438331934643937,-0.005568470191816972,0.011238716089416035
2025-11-18,0.0011721204169369143,0.006246987196908681,0.0019918004982173443,0.0,0.002115728159183659,0.0019918014803393855,0.006246987196908681,-0.01893489628165649
2025-11-19,0.0003649988084099186,0.002546876134998835,0.0017332021379843354,0.0,0.0012921130379875685,0.0017332016418225907,0.002546876134998835,0.006805426562391663
2025-11-20,0.0012726248157537666,0.008107301347131864,0.0011995115783065557,0.0,0.0019392577204422556,0.0012726379827420866,0.008107301347131864,-0.021922199285516537
2025-11-21,0.00031574065686420236,-0.00803492062369135,0.0020041964016854763,0.0,0.000322098982696599,0.0003157401850300401,-0.00803492062369135,-0.010530198558583292
2025-11-24,0.0008482880412724289,0.006954652113998549,0.00214459584094584,0.0,0.0021428292110932173,0.0021445964033679375,0.006954652113998549,0.0660172720981127
2025-11-25,0.002729854453681476,-0.00012423775910909665,0.0015178397297859192,0.0,0.0018136572780002962,0.0015178395143164093,-0.00012423775910909665,0.003870128654219355
2025-11-26,0.0005084424532529467,-0.0030726838954599567,0.00047534878831356764,0.0,0.00012249868249846797,0.0004753205746031799,-0.0030726838954599567,0.016974787220379935
2025-11-28,0.0013636267839893742,-0.00030917057673117876,-0.0007720822468400002,0.0,9.498958623378934e-05,-0.0003091690228701221,-0.00030917057673117876,0.008380619474776033
2025-12-01,0.0010204206647370072,0.003716534748672583,-0.0020690765231847763,0.0,-0.000287690428907114,0.001020420617575618,0.003716534748672583,-6.97394621241348e-05
2025-12-02,0.0008759705111533914,-0.00035311469170139865,-0.0030825387220829725,0.0,-0.0012826232370098,-0.0003531151378835987,-0.00035311469170139865,-0.0020945908399217085
2025-12-03,0.0008894301981946457,-0.0015540959590941699,-0.003569051856175065,0.0,-0.001650928696687037,-0.0015540958722074494,-0.0015540959590941699,0.039960567737700375
2025-12-04,0.0019922510762625527,-0.00222333180811869,-0.004017111845314503,0.0,-0.00152677023600944,-0.002223331488360205,-0.00222333180811869,0.017287167308555625
2025-12-05,0.001066555636473406,0.0009661576875285176,-0.004559694789350033,0.0,-0.0018318288779651734,0.0009661481025930545,0.0009661576875285176,0.0010335035967348669
2025-12-08,0.0008375154247998555,0.0032255267376008617,-0.004630382172763348,0.0,-0.0017232083231903863,0.000837515189210555,0.0032255267376008617,-0.03447772390855956
2025-12-09,4.387429659643302e-05,-0.007274862220904855,-0.003739088075235486,0.0,-0.0026520131467431558,-0.0037390880567752974,-0.007274862220904855,0.012636566806914386
2025-12-10,0.0015464290860768043,-0.003288829700856384,-0.0026765631046146154,0.0,-0.0011194646754049665,-0.0026765617133432647,-0.003288829700856384,0.014008389943791177
2025-12-11,0.001195377438833507,0.0013142377179067863,-0.0018200299236923456,0.0,-0.0003402315143740775,0.0011953694962050978,0.0013142377179067863,-0.010152139695978488
2025-12-12,0.0005701143481246502,0.013624129285407693,-0.0011747991666197777,0.0,0.0010193525015815968,0.0005701148439698063,0.013624129285407693,0.026650529578487583
2025-12-15,0.0017505439355529895,0.0014833859800816684,-0.0006328760646283627,0.0,0.0004995731107821139,0.0014833827368705855,0.0014833859800816684,0.03500417593015653
2025-12-16,0.0016456663648828076,-0.004576212796857785,-0.0003032032400369644,0.0,4.253914109905461e-06,-0.0003032035187113139,-0.004576212796857785,0.03019325551468915
2025-12-17,0.001460447471628053,-0.004424041415505477,-9.665079414844513e-05,0.0,5.489790861161687e-05,-9.665120456550748e-05,-0.004424041415505477,-0.04727460429487326
2025-12-18,-0.0004769266939518536,-0.00497696055876101,0.0012105255154892802,0.0,-7.436105786698367e-05,-0.0004769270637379076,-0.00497696055876101,0.03389652701091261
2025-12-19,0.0022541500276381608,-0.001089400296180443,0.0015478315763175488,0.0,0.001547106621698866,0.0015478305434207507,-0.001089400296180443,-0.0044993863680712525
2025-12-22,0.0005665349612255906,-0.00113357460398223,0.0014095865190029144,0.0,0.0008241273800485762,0.0005665343653716719,-0.00113357460398223,0.015527202757108985
2025-12-23,0.0014249052154502299,-0.0040456980780100805,0.0010766838677227497,0.0,0.00068253253729655,0.0010766812075296735,-0.0040456980780100805,-0.006507353223946919
2025-12-24,0.0006803896192561113,0.003279029247064776,0.0005232684197835624,0.0,0.0008674695384163249,0.0006803955192673149,0.003279029247064776,-0.0003295782832779731
2025-12-26,0.0010314807891986736,-0.003255204521476049,4.020589403808117e-05,0.0,8.099555497076937e-05,4.020519053551278e-05,-0.003255204521476049,-0.02125855152458737
2025-12-29,0.0004388474903075243,-0.009159412402009673,-8.528085891157389e-05,0.0,-0.0008190851551092192,-8.528264940974977e-05,-0.009159412402009673,-0.03327112293491274
2025-12-30,0.0003122672755694613,-0.007730431632733884,-0.0002675842260941863,0.0,-0.0008140025827786724,-0.00026758581078491537,-0.007730431632733884,-0.011399736021774638
2025-12-31,0.000968385851264772,-0.0057477659670664505,-0.0005122608272358775,0.0,-0.0004836045066165364,-0.0005122613107748639,-0.0057477659670664505,-0.01041870064110701
