Date,PortfolioValue,StrategyReturn
2022-10-28,100000.0,1.0
2022-10-31,100000.0,1.0
2022-11-01,100000.0,1.0
2022-11-02,100000.0,1.0
2022-11-03,100000.0,1.0
2022-11-04,100000.0,1.0
2022-11-07,100000.0,1.0
2022-11-08,100000.0,1.0
2022-11-09,100000.0,1.0
2022-11-10,100000.0,1.0
2022-11-11,100000.0,1.0
2022-11-14,100000.0,1.0
2022-11-15,100000.0,1.0
2022-11-16,100000.0,1.0
2022-11-17,100000.0,1.0
2022-11-18,100000.0,1.0
2022-11-21,100000.0,1.0
2022-11-22,100000.0,1.0
2022-11-23,100000.0,1.0
2022-11-25,100000.0,1.0
2022-11-28,100000.0,1.0
2022-11-29,100000.0,1.0
2022-11-30,101310.39753300605,1.0131039753300606
2022-12-01,99962.33744389472,0.9996233744389472
2022-12-02,99211.86237675606,0.9921186237675607
2022-12-05,96578.27424961982,0.9657827424961982
2022-12-06,96731.14733464179,0.9673114733464179
2022-12-07,96668.60397679267,0.9666860397679267
2022-12-08,97627.54748112617,0.9762754748112616
2022-12-09,97127.22320870234,0.9712722320870234
2022-12-12,98551.7396503156,0.9855173965031561
2022-12-13,98461.39861638007,0.9846139861638007
2022-12-14,97995.81439549384,0.9799581439549384
2022-12-15,95695.78707463203,0.9569578707463202
2022-12-16,95132.93077427802,0.9513293077427802
2022-12-19,95667.9893985456,0.956679893985456
2022-12-20,96105.75898320135,0.9610575898320135
2022-12-21,97127.22320870234,0.9712722320870234
2022-12-22,96084.9093127912,0.960849093127912
2022-12-23,96515.71958500799,0.9651571958500799
2022-12-27,96835.38437992986,0.9683538437992987
2022-12-28,97335.68601567208,0.9733568601567208
2022-12-29,97863.80228764472,0.9786380228764472
2022-12-30,98475.30593449532,0.9847530593449532
2023-01-03,99184.06470066964,0.9918406470066964
2023-01-04,100059.62648350654,1.0005962648350655
2023-01-05,100038.60721165595,1.0003860721165596
2023-01-06,101851.65226323066,1.0185165226323065
2023-01-09,101452.64791447578,1.0145264791447577
2023-01-10,102313.65789372382,1.0231365789372382
2023-01-11,103034.66753727851,1.030346675372785
2023-01-12,102936.64921147285,1.0293664921147285
2023-01-13,105400.67547184882,1.0540067547184881
2023-01-17,103964.49218814942,1.0396449218814943
2023-01-18,103964.49218814942,1.0396449218814943
2023-01-19,103964.49218814942,1.0396449218814943
2023-01-20,103964.49218814942,1.0396449218814943
2023-01-23,103964.49218814942,1.0396449218814943
2023-01-24,103964.49218814942,1.0396449218814943
2023-01-25,103964.49218814942,1.0396449218814943
2023-01-26,103964.49218814942,1.0396449218814943
2023-01-27,103611.43509994335,1.0361143509994335
2023-01-30,102772.81116805859,1.0277281116805859
2023-01-31,103357.74091659374,1.0335774091659373
2023-02-01,103096.95508895702,1.0309695508895702
2023-02-02,102638.88950668163,1.0263888950668163
2023-02-03,104154.07679305859,1.041540767930586
2023-02-06,104738.9951585371,1.047389951585371
2023-02-07,105958.20020614452,1.0595820020614453
2023-02-08,105246.39490829296,1.0524639490829295
2023-02-09,103681.89622054882,1.0368189622054882
2023-02-10,104118.83484969921,1.0411883484969922
2023-02-13,105197.09488998241,1.0519709488998241
2023-02-14,105641.05686508007,1.0564105686508007
2023-02-15,106063.91465316601,1.06063914653166
2023-02-16,104668.53403793163,1.0466853403793164
2023-02-17,104964.5276597578,1.0496452765975781
2023-02-21,103125.16230331249,1.031251623033125
2023-02-22,102371.09171615429,1.0237109171615428
2023-02-23,103153.34675155468,1.0315334675155468
2023-02-24,104041.31623397655,1.0404131623397654
2023-02-27,104908.11323104687,1.0490811323104687
2023-02-28,105746.74854598827,1.0574674854598827
2023-03-01,105182.97989974804,1.0518297989974803
2023-03-02,104139.98456893749,1.041399845689375
2023-03-03,105965.25770126171,1.059652577012617
2023-03-06,105373.28184066601,1.05373281840666
2023-03-07,102413.37977157421,1.024133797715742
2023-03-08,101835.50751815624,1.0183550751815624
2023-03-09,96578.16312728712,0.9657816312728712
2023-03-10,95469.38219720373,0.9546938219720372
2023-03-13,95469.38219720373,0.9546938219720372
2023-03-14,95469.38219720373,0.9546938219720372
2023-03-15,95469.38219720373,0.9546938219720372
2023-03-16,95469.38219720373,0.9546938219720372
2023-03-17,95469.38219720373,0.9546938219720372
2023-03-20,95469.38219720373,0.9546938219720372
2023-03-21,95469.38219720373,0.9546938219720372
2023-03-22,95469.38219720373,0.9546938219720372
2023-03-23,94577.64980051236,0.9457764980051235
2023-03-24,93202.93094370083,0.9320293094370083
2023-03-27,95752.93878671841,0.9575293878671841
2023-03-28,96030.74158212857,0.9603074158212856
2023-03-29,96215.92235300258,0.9621592235300258
2023-03-30,95938.12531015591,0.9593812531015591
2023-03-31,97049.30197641566,0.9704930197641566
2023-04-03,96942.47112009244,0.9694247112009243
2023-04-04,95703.08131906705,0.9570308131906704
2023-04-05,95839.48035165982,0.9583948035165982
2023-04-06,95738.96581003383,0.9573896581003383
2023-04-10,96040.47491953091,0.9604047491953092
2023-04-11,96492.74146005824,0.9649274146005824
2023-04-12,96478.38881418423,0.9647838881418423
2023-04-13,96830.15231821257,0.9683015231821257
2023-04-14,103822.32419321255,1.0382232419321256
2023-04-17,104547.49276431625,1.0454749276431625
2023-04-18,104547.49276431625,1.0454749276431625
2023-04-19,104547.49276431625,1.0454749276431625
2023-04-20,104547.49276431625,1.0454749276431625
2023-04-21,104547.49276431625,1.0454749276431625
2023-04-24,104547.49276431625,1.0454749276431625
2023-04-25,104547.49276431625,1.0454749276431625
2023-04-26,104547.49276431625,1.0454749276431625
2023-04-27,104547.49276431625,1.0454749276431625
2023-04-28,104547.49276431625,1.0454749276431625
2023-05-01,104547.49276431625,1.0454749276431625
2023-05-02,104547.49276431625,1.0454749276431625
2023-05-03,104547.49276431625,1.0454749276431625
2023-05-04,104547.49276431625,1.0454749276431625
2023-05-05,104547.49276431625,1.0454749276431625
2023-05-08,104547.49276431625,1.0454749276431625
2023-05-09,104547.49276431625,1.0454749276431625
2023-05-10,104547.49276431625,1.0454749276431625
2023-05-11,105163.9202918751,1.051639202918751
2023-05-12,103745.48532483408,1.0374548532483407
2023-05-15,104567.42999646494,1.0456742999646493
2023-05-16,103905.50494763681,1.0390550494763682
2023-05-17,106909.6747474415,1.069096747474415
2023-05-18,107673.45325085947,1.0767345325085946
2023-05-19,107440.68365857431,1.074406836585743
2023-05-22,106604.18432996103,1.0660418432996104
2023-05-23,105556.71533582041,1.055567153358204
2023-05-24,104647.44855115244,1.0464744855115244
2023-05-25,104887.51587292978,1.048875158729298
2023-05-26,105811.29651257822,1.0581129651257821
2023-05-30,106189.55440043838,1.0618955440043838
2023-05-31,104916.60187146494,1.0491660187146494
2023-06-01,106276.83569714853,1.0627683569714854
2023-06-02,108379.04809949228,1.0837904809949228
2023-06-05,107375.22558972666,1.0737522558972665
2023-06-06,107557.06262585947,1.0755706262585947
2023-06-07,108539.07355115244,1.0853907355115244
2023-06-08,108568.1595496876,1.085681595496876
2023-06-09,108771.81982800791,1.087718198280079
2023-06-12,108764.55707166025,1.0876455707166026
2023-06-13,109506.52399060556,1.0950652399060556
2023-06-14,109121.00336072275,1.0912100336072275
2023-06-15,110284.82800671885,1.1028482800671884
2023-06-16,110408.4813880665,1.104084813880665
2023-06-20,109877.50745007822,1.0987750745007823
2023-06-21,109724.73306123838,1.0972473306123838
2023-06-22,107731.64856335947,1.0773164856335946
2023-06-23,107200.63965222666,1.0720063965222666
2023-06-26,107447.95807263681,1.074479580726368
2023-06-27,107455.23248669931,1.0745523248669933
2023-06-28,107011.53985974619,1.0701153985974619
2023-06-29,110532.146427129,1.10532146427129
2023-06-30,111994.23370740244,1.1199423370740245
2023-07-03,112845.30517957041,1.128453051795704
2023-07-05,112134.8607215626,1.121348607215626
2023-07-06,111087.54327771494,1.1108754327771495
2023-07-07,111915.14776990244,1.1191514776990243
2023-07-10,112508.37390515635,1.1250837390515636
2023-07-11,114170.93890759775,1.1417093890759775
2023-07-12,114705.57336804697,1.1470557336804696
2023-07-13,115232.92175671885,1.1523292175671884
2023-07-14,115892.07226941416,1.1589207226941416
2023-07-17,116206.76917380943,1.1620676917380943
2023-07-18,116206.76917380943,1.1620676917380943
2023-07-19,116206.76917380943,1.1620676917380943
2023-07-20,116206.76917380943,1.1620676917380943
2023-07-21,116206.76917380943,1.1620676917380943
2023-07-24,116206.76917380943,1.1620676917380943
2023-07-25,116206.76917380943,1.1620676917380943
2023-07-26,116206.76917380943,1.1620676917380943
2023-07-27,116206.76917380943,1.1620676917380943
2023-07-28,116206.76917380943,1.1620676917380943
2023-07-31,116206.76917380943,1.1620676917380943
2023-08-01,116206.76917380943,1.1620676917380943
2023-08-02,116206.76917380943,1.1620676917380943
2023-08-03,116206.76917380943,1.1620676917380943
2023-08-04,116206.76917380943,1.1620676917380943
2023-08-07,116206.76917380943,1.1620676917380943
2023-08-08,116206.76917380943,1.1620676917380943
2023-08-09,116206.76917380943,1.1620676917380943
2023-08-10,116206.76917380943,1.1620676917380943
2023-08-11,117061.48269320703,1.1706148269320702
2023-08-14,117291.23652316308,1.172912365231631
2023-08-15,114462.24605990625,1.1446224605990625
2023-08-16,114002.71554232812,1.1400271554232813
2023-08-17,112882.62133456445,1.1288262133456446
2023-08-18,113126.74120761133,1.1312674120761133
2023-08-21,113492.93241558652,1.1349293241558651
2023-08-22,111267.06435824609,1.112670643582461
2023-08-23,111977.903484833,1.11977903484833
2023-08-24,111877.37546969629,1.118773754696963
2023-08-25,111748.13822604394,1.1174813822604395
2023-08-28,112114.32946444726,1.1211432946444726
2023-08-29,112975.93775607324,1.1297593775607324
2023-08-30,112545.13932467675,1.1254513932467676
2023-08-31,111231.17782260156,1.1123117782260157
2023-09-01,111583.01444674707,1.1158301444674708
2023-09-05,110419.81068087793,1.1041981068087792
2023-09-06,110247.48673678613,1.1024748673678613
2023-09-07,109357.15776908652,1.0935715776908652
2023-09-08,109436.1195950625,1.094361195950625
2023-09-11,109888.48423434472,1.0988848423434472
2023-09-12,111238.35512973047,1.1123835512973046
2023-09-13,111288.59627963281,1.1128859627963281
2023-09-14,113327.79723788476,1.1332779723788475
2023-09-15,113011.8700070498,1.130118700070498
2023-09-18,113234.45795870996,1.1323445795870997
2023-09-19,113098.00912142968,1.1309800912142969
2023-09-20,112645.66733981347,1.1264566733981347
2023-09-21,111812.77970553613,1.1181277970553614
2023-09-22,110800.35653353906,1.1080035653353906
2023-09-25,111317.32836581445,1.1131732836581445
2023-09-26,110225.93193198652,1.102259319319865
2023-09-27,110836.24306918359,1.1083624306918358
2023-09-28,112135.87281466699,1.12135872814667
2023-09-29,110290.56200839258,1.1029056200839258
2023-10-02,109393.04432345605,1.0939304432345605
2023-10-03,108631.94118930078,1.0863194118930077
2023-10-04,109091.46028038651,1.0909146028038652
2023-10-05,109525.45878268457,1.0952545878268456
2023-10-06,111116.76377536035,1.1111676377536035
2023-10-09,110878.07259799218,1.1087807259799218
2023-10-10,111514.57859469629,1.115145785946963
2023-10-11,111876.24401522851,1.118762440152285
2023-10-12,111630.30693198652,1.1163030693198652
2023-10-13,113214.38892794824,1.1321438892794824
2023-10-16,113105.89501620508,1.1310589501620507
2023-10-17,112874.41543246484,1.1287441543246484
2023-10-18,111702.65147067285,1.1170265147067284
2023-10-19,111254.17263461328,1.1125417263461328
2023-10-20,109561.6310391543,1.0956163103915428
2023-10-23,108151.15304232812,1.0815115304232812
2023-10-24,108274.12728549218,1.082741272854922
2023-10-25,107717.16596652246,1.0771716596652245
2023-10-26,107977.57192660547,1.0797757192660546
2023-10-27,104310.35656405664,1.0431035656405663
2023-10-30,105561.69949008203,1.0556169949008203
2023-10-31,106747.93235446191,1.0674793235446192
2023-11-01,106661.13036776758,1.0666113036776756
2023-11-02,108454.94285250879,1.0845494285250878
2023-11-03,109597.80330498652,1.0959780330498652
2023-11-06,110378.98686128652,1.1037898686128653
2023-11-07,110328.3457303164,1.103283457303164
2023-11-08,110841.90034152246,1.1084190034152246
2023-11-09,110530.87608004785,1.1053087608004786
2023-11-10,112078.76293612695,1.1207876293612695
2023-11-13,111608.60360385156,1.1160860360385156
2023-11-14,113532.63621188379,1.1353263621188379
2023-11-15,114472.96630526758,1.1447296630526758
2023-11-16,115709.82889987207,1.1570982889987207
2023-11-17,116700.76586581445,1.1670076586581446
2023-11-20,117040.73936129785,1.1704073936129784
2023-11-21,116809.28263522363,1.1680928263522363
2023-11-22,116961.1417317718,1.1696114173177181
2023-11-24,116961.1417317718,1.1696114173177181
2023-11-27,116961.1417317718,1.1696114173177181
2023-11-28,116961.1417317718,1.1696114173177181
2023-11-29,116961.1417317718,1.1696114173177181
2023-11-30,116961.1417317718,1.1696114173177181
2023-12-01,116961.1417317718,1.1696114173177181
2023-12-04,116961.1417317718,1.1696114173177181
2023-12-05,116961.1417317718,1.1696114173177181
2023-12-06,116961.1417317718,1.1696114173177181
2023-12-07,116961.1417317718,1.1696114173177181
2023-12-08,116961.1417317718,1.1696114173177181
2023-12-11,116961.1417317718,1.1696114173177181
2023-12-12,116961.1417317718,1.1696114173177181
2023-12-13,116961.1417317718,1.1696114173177181
2023-12-14,116961.1417317718,1.1696114173177181
2023-12-15,116961.1417317718,1.1696114173177181
2023-12-18,116961.1417317718,1.1696114173177181
2023-12-19,116961.1417317718,1.1696114173177181
2023-12-20,116961.1417317718,1.1696114173177181
2023-12-21,116961.1417317718,1.1696114173177181
2023-12-22,116961.1417317718,1.1696114173177181
2023-12-26,116961.1417317718,1.1696114173177181
2023-12-27,116961.1417317718,1.1696114173177181
2023-12-28,116961.1417317718,1.1696114173177181
2023-12-29,116961.1417317718,1.1696114173177181
2024-01-02,116961.1417317718,1.1696114173177181
2024-01-03,116961.1417317718,1.1696114173177181
2024-01-04,116961.1417317718,1.1696114173177181
2024-01-05,116961.1417317718,1.1696114173177181
2024-01-08,116961.1417317718,1.1696114173177181
2024-01-09,116961.1417317718,1.1696114173177181
2024-01-10,116961.1417317718,1.1696114173177181
2024-01-11,116961.1417317718,1.1696114173177181
2024-01-12,116961.1417317718,1.1696114173177181
2024-01-16,116961.1417317718,1.1696114173177181
2024-01-17,116961.1417317718,1.1696114173177181
2024-01-18,116961.1417317718,1.1696114173177181
2024-01-19,116961.1417317718,1.1696114173177181
2024-01-22,116961.1417317718,1.1696114173177181
2024-01-23,116961.1417317718,1.1696114173177181
2024-01-24,116961.1417317718,1.1696114173177181
2024-01-25,116961.1417317718,1.1696114173177181
2024-01-26,116961.1417317718,1.1696114173177181
2024-01-29,117110.30579969169,1.1711030579969168
2024-01-30,119390.83520337821,1.193908352033782
2024-01-31,118160.37615796806,1.1816037615796806
2024-02-01,117754.51931592704,1.1775451931592704
2024-02-02,118398.74294873954,1.1839874294873953
2024-02-05,118250.56544324638,1.1825056544324637
2024-02-06,118637.08950635673,1.1863708950635672
2024-02-07,118849.679258554,1.1884967925855399
2024-02-08,118443.83253309013,1.1844383253309012
2024-02-09,118579.11140271903,1.1857911140271904
2024-02-12,119081.60178968192,1.1908160178968192
2024-02-13,118095.95379468681,1.180959537946868
2024-02-14,119236.20332166435,1.1923620332166434
2024-02-15,121709.99981519462,1.2170999981519461
2024-02-16,121168.85398694755,1.2116885398694754
2024-02-20,121619.80041333915,1.2161980041333915
2024-02-21,122373.53599378349,1.2237353599378349
2024-02-22,123771.48509046317,1.2377148509046318
2024-02-23,124364.16476270439,1.2436416476270438
2024-02-26,123958.29780408622,1.2395829780408623
2024-02-27,124016.28602430107,1.2401628602430106
2024-02-28,124615.42007276298,1.2461542007276298
2024-02-29,125697.68137952567,1.2569768137952568
2024-03-01,125201.63525220634,1.2520163525220633
2024-03-04,126097.08384534594,1.2609708384534595
2024-03-05,127301.78608533624,1.2730178608533624
2024-03-06,127933.11108228446,1.2793311108228447
2024-03-07,126863.70794507742,1.2686370794507742
2024-03-08,127089.18621656187,1.2708918621656187
2024-03-11,127134.26568433525,1.2713426568433523
2024-03-12,128132.81231519462,1.2813281231519462
2024-03-13,129124.91468641043,1.2912491468641043
2024-03-14,126928.13030835867,1.2692813030835868
2024-03-15,128429.1572096038,1.284291572096038
2024-03-18,128457.60362111682,1.2845760362111682
2024-03-19,128457.60362111682,1.2845760362111682
2024-03-20,128457.60362111682,1.2845760362111682
2024-03-21,128457.60362111682,1.2845760362111682
2024-03-22,128457.60362111682,1.2845760362111682
2024-03-25,128457.60362111682,1.2845760362111682
2024-03-26,128457.60362111682,1.2845760362111682
2024-03-27,128457.60362111682,1.2845760362111682
2024-03-28,128457.60362111682,1.2845760362111682
2024-04-01,128457.60362111682,1.2845760362111682
2024-04-02,128563.25483068805,1.2856325483068805
2024-04-03,128219.91942724567,1.2821991942724567
2024-04-04,127294.87127050737,1.2729487127050736
2024-04-05,128404.92713293411,1.2840492713293412
2024-04-08,129040.12508769272,1.2904012508769271
2024-04-09,128219.90979894977,1.2821990979894977
2024-04-10,127183.8666470943,1.271838666470943
2024-04-11,127159.1893247066,1.271591893247066
2024-04-12,119364.1305936275,1.193641305936275
2024-04-15,120248.07878918701,1.2024807878918702
2024-04-16,120248.07878918701,1.2024807878918702
2024-04-17,120248.07878918701,1.2024807878918702
2024-04-18,120248.07878918701,1.2024807878918702
2024-04-19,120248.07878918701,1.2024807878918702
2024-04-22,120248.07878918701,1.2024807878918702
2024-04-23,120248.07878918701,1.2024807878918702
2024-04-24,121593.4573063259,1.215934573063259
2024-04-25,121765.7932438259,1.217657932438259
2024-04-26,121837.10818523215,1.2183710818523215
2024-04-29,121712.3186344509,1.2171231863445091
2024-04-30,120797.21072429465,1.2079721072429466
2024-05-01,120868.51638835712,1.2086851638835712
2024-05-02,120749.6828922634,1.207496828922634
2024-05-03,120066.32302898215,1.2006632302898215
2024-05-06,120951.7063297634,1.209517063297634
2024-05-07,120803.14822429465,1.2080314822429465
2024-05-08,123120.61013835712,1.2312061013835711
2024-05-09,124219.91970866962,1.2421991970866961
2024-05-10,124974.5666813259,1.249745666813259
2024-05-13,124950.80740398215,1.2495080740398214
2024-05-14,126602.73123210715,1.2660273123210715
2024-05-15,126959.25955241965,1.2695925955241965
2024-05-16,127173.18582195087,1.2717318582195087
2024-05-17,128551.7619938259,1.285517619938259
2024-05-20,123079.01052898215,1.2307901052898216
2024-05-21,123747.27361243358,1.2374727361243358
2024-05-22,123747.27361243358,1.2374727361243358
2024-05-23,123747.27361243358,1.2374727361243358
2024-05-24,123747.27361243358,1.2374727361243358
2024-05-28,123747.27361243358,1.2374727361243358
2024-05-29,123747.27361243358,1.2374727361243358
2024-05-30,123747.27361243358,1.2374727361243358
2024-05-31,123747.27361243358,1.2374727361243358
2024-06-03,123747.27361243358,1.2374727361243358
2024-06-04,123747.27361243358,1.2374727361243358
2024-06-05,123747.27361243358,1.2374727361243358
2024-06-06,123747.27361243358,1.2374727361243358
2024-06-07,123747.27361243358,1.2374727361243358
2024-06-10,123788.99826545945,1.2378899826545946
2024-06-11,120705.26922000066,1.2070526922000067
2024-06-12,119042.99106331101,1.1904299106331102
2024-06-13,120294.10843391647,1.2029410843391646
2024-06-14,120364.58397407757,1.2036458397407757
2024-06-17,121069.4402515434,1.210694402515434
2024-06-18,122255.94205208053,1.2225594205208052
2024-06-20,123236.85886116256,1.2323685886116256
2024-06-21,121844.78123970257,1.2184478123970257
2024-06-24,123360.21169014205,1.2336021169014206
2024-06-25,122884.43530769576,1.2288443530769577
2024-06-26,122508.50768013227,1.2250850768013226
2024-06-27,123530.54515571822,1.2353054515571822
2024-06-28,125345.54938240282,1.2534554938240283
2024-07-01,127219.28170310064,1.2721928170310064
2024-07-02,129204.61938972701,1.29204619389727
2024-07-03,129122.38722725143,1.2912238722725142
2024-07-05,127498.13924141158,1.2749813924141158
2024-07-08,127722.5880176567,1.277225880176567
2024-07-09,129175.54880256881,1.291755488025688
2024-07-10,129275.95695991744,1.2927595695991745
2024-07-11,129069.22565193407,1.2906922565193408
2024-07-12,127586.7449237846,1.2758674492378461
2024-07-15,130604.87712593307,1.3060487712593307
2024-07-16,132713.4300891899,1.327134300891899
2024-07-17,132630.38936575942,1.3263038936575942
2024-07-18,132630.38936575942,1.3263038936575942
2024-07-19,132630.38936575942,1.3263038936575942
2024-07-22,132630.38936575942,1.3263038936575942
2024-07-23,132630.38936575942,1.3263038936575942
2024-07-24,132630.38936575942,1.3263038936575942
2024-07-25,132630.38936575942,1.3263038936575942
2024-07-26,132630.38936575942,1.3263038936575942
2024-07-29,132630.38936575942,1.3263038936575942
2024-07-30,132630.38936575942,1.3263038936575942
2024-07-31,132630.38936575942,1.3263038936575942
2024-08-01,132630.38936575942,1.3263038936575942
2024-08-02,132630.38936575942,1.3263038936575942
2024-08-05,132630.38936575942,1.3263038936575942
2024-08-06,132630.38936575942,1.3263038936575942
2024-08-07,132630.38936575942,1.3263038936575942
2024-08-08,132630.38936575942,1.3263038936575942
2024-08-09,132630.38936575942,1.3263038936575942
2024-08-12,132306.58774868053,1.3230658774868052
2024-08-13,133376.31461635628,1.3337631461635628
2024-08-14,134782.23050991097,1.3478223050991096
2024-08-15,135582.9928695301,1.355829928695301
2024-08-16,137062.26444545784,1.3706226444545784
2024-08-19,136884.4608594408,1.368844608594408
2024-08-20,136884.4608594408,1.368844608594408
2024-08-21,136884.4608594408,1.368844608594408
2024-08-22,136884.4608594408,1.368844608594408
2024-08-23,136884.4608594408,1.368844608594408
2024-08-26,136884.4608594408,1.368844608594408
2024-08-27,137086.31355531653,1.3708631355531653
2024-08-28,137744.09660585364,1.3774409660585365
2024-08-29,138289.2956109806,1.382892956109806
2024-08-30,139824.1043268009,1.398241043268009
2024-09-03,137157.41926820716,1.3715741926820715
2024-09-04,136582.60207245266,1.3658260207245265
2024-09-05,135575.1883416935,1.3557518834169349
2024-09-06,132511.45958192783,1.3251145958192783
2024-09-09,135089.25329835847,1.3508925329835846
2024-09-10,135955.75389434997,1.3595575389434997
2024-09-11,135955.75389434997,1.3595575389434997
2024-09-12,135955.75389434997,1.3595575389434997
2024-09-13,135955.75389434997,1.3595575389434997
2024-09-16,135955.75389434997,1.3595575389434997
2024-09-17,135955.75389434997,1.3595575389434997
2024-09-18,134848.79469201097,1.3484879469201096
2024-09-19,136669.44465538982,1.3666944465538982
2024-09-20,137045.91310021406,1.3704591310021406
2024-09-23,136795.09939879237,1.3679509939879237
2024-09-24,136870.75381119587,1.3687075381119587
2024-09-25,136010.863827065,1.3601086382706502
2024-09-26,135759.01751358842,1.357590175135884
2024-09-27,136201.26490433552,1.3620126490433553
2024-09-30,136422.38383133744,1.3642238383133745
2024-10-01,134076.06844742634,1.3407606844742634
2024-10-02,134229.61001236775,1.3422961001236775
2024-10-03,132964.33214981892,1.329643321498189
2024-10-04,137438.52381546833,1.3743852381546833
2024-10-07,137259.2998011861,1.372592998011861
2024-10-08,137148.06322892048,1.3714806322892048
2024-10-09,138798.08192093708,1.3879808192093708
2024-10-10,138439.65296585893,1.3843965296585892
2024-10-11,144279.57300980427,1.4427957300980427
2024-10-14,143779.00843460893,1.4377900843460893
2024-10-15,144341.38064225056,1.4434138064225055
2024-10-16,144098.28586205872,1.4409828586205873
2024-10-17,144098.28586205872,1.4409828586205873
2024-10-18,144098.28586205872,1.4409828586205873
2024-10-21,144098.28586205872,1.4409828586205873
2024-10-22,144098.28586205872,1.4409828586205873
2024-10-23,144098.28586205872,1.4409828586205873
2024-10-24,144098.28586205872,1.4409828586205873
2024-10-25,144098.28586205872,1.4409828586205873
2024-10-28,144098.28586205872,1.4409828586205873
2024-10-29,144098.28586205872,1.4409828586205873
2024-10-30,144098.28586205872,1.4409828586205873
2024-10-31,144098.28586205872,1.4409828586205873
2024-11-01,144098.28586205872,1.4409828586205873
2024-11-04,144098.28586205872,1.4409828586205873
2024-11-05,144098.28586205872,1.4409828586205873
2024-11-06,144098.28586205872,1.4409828586205873
2024-11-07,144098.28586205872,1.4409828586205873
2024-11-08,144098.28586205872,1.4409828586205873
2024-11-11,144098.28586205872,1.4409828586205873
2024-11-12,144098.28586205872,1.4409828586205873
2024-11-13,144098.28586205872,1.4409828586205873
2024-11-14,144098.28586205872,1.4409828586205873
2024-11-15,144098.28586205872,1.4409828586205873
2024-11-18,144098.28586205872,1.4409828586205873
2024-11-19,144098.28586205872,1.4409828586205873
2024-11-20,144098.28586205872,1.4409828586205873
2024-11-21,144098.28586205872,1.4409828586205873
2024-11-22,144098.28586205872,1.4409828586205873
2024-11-25,144098.28586205872,1.4409828586205873
2024-11-26,144098.28586205872,1.4409828586205873
2024-11-27,144098.28586205872,1.4409828586205873
2024-11-29,144098.28586205872,1.4409828586205873
2024-12-02,144098.28586205872,1.4409828586205873
2024-12-03,144098.28586205872,1.4409828586205873
2024-12-04,144098.28586205872,1.4409828586205873
2024-12-05,144098.28586205872,1.4409828586205873
2024-12-06,144817.14176063566,1.4481714176063565
2024-12-09,142840.9375545966,1.4284093755459661
2024-12-10,142312.09414793566,1.4231209414793566
2024-12-11,142685.06792569035,1.4268506792569036
2024-12-12,141571.7048428046,1.4157170484280461
2024-12-13,140686.59660693567,1.4068659660693565
2024-12-16,140486.19281593568,1.4048619281593568
2024-12-17,139807.0379726874,1.3980703797268739
2024-12-18,135359.17818570012,1.3535917818570011
2024-12-19,136800.98084378114,1.3680098084378114
2024-12-20,139383.97185283568,1.3938397185283566
2024-12-23,138335.192010202,1.3833519201020201
2024-12-24,139723.47887943668,1.3972347887943668
2024-12-26,140180.6054153525,1.401806054153525
2024-12-27,139095.63850162906,1.3909563850162905
2024-12-30,138076.7609381525,1.3807676093815249
2024-12-31,139790.75811527652,1.3979075811527653
2025-01-02,139952.2843756525,1.399522843756525
2025-01-03,141779.24369572086,1.4177924369572086
2025-01-06,140425.73777531067,1.4042573777531067
2025-01-07,141717.97335575504,1.4171797335575504
2025-01-08,141695.69709537906,1.4169569709537906
2025-01-10,139879.87165592593,1.3987987165592592
2025-01-13,142297.25811527652,1.4229725811527651
2025-01-14,144113.07505558414,1.4411307505558413
2025-01-15,146831.23777531067,1.4683123777531066
2025-01-16,147900.6767554132,1.479006767554132
2025-01-17,150624.40641544742,1.506244064154474
2025-01-21,150914.06239362,1.5091406239362
2025-01-22,150914.06239362,1.5091406239362
2025-01-23,150914.06239362,1.5091406239362
2025-01-24,150914.06239362,1.5091406239362
2025-01-27,150914.06239362,1.5091406239362
2025-01-28,150914.06239362,1.5091406239362
2025-01-29,150914.06239362,1.5091406239362
2025-01-30,150914.06239362,1.5091406239362
2025-01-31,150914.06239362,1.5091406239362
2025-02-03,150914.06239362,1.5091406239362
2025-02-04,150914.06239362,1.5091406239362
2025-02-05,150914.06239362,1.5091406239362
2025-02-06,150914.06239362,1.5091406239362
2025-02-07,150914.06239362,1.5091406239362
2025-02-10,150914.06239362,1.5091406239362
2025-02-11,150914.06239362,1.5091406239362
2025-02-12,150914.06239362,1.5091406239362
2025-02-13,150914.06239362,1.5091406239362
2025-02-14,150914.06239362,1.5091406239362
2025-02-18,150914.06239362,1.5091406239362
2025-02-19,150914.06239362,1.5091406239362
2025-02-20,150914.06239362,1.5091406239362
2025-02-21,148506.8894065523,1.485068894065523
2025-02-24,146949.5926841402,1.469495926841402
2025-02-25,144833.81137310504,1.4483381137310505
2025-02-26,145580.24923931598,1.4558024923931598
2025-02-27,145719.85809551715,1.4571985809551715
2025-02-28,148727.06137310504,1.4872706137310503
2025-03-03,146562.95202862262,1.4656295202862262
2025-03-04,140994.26465069293,1.4099426465069294
2025-03-05,141681.62399517535,1.4168162399517534
2025-03-06,139001.99104534625,1.3900199104534625
2025-03-07,136714.37399517535,1.3671437399517534
2025-03-10,131312.1553062105,1.313121553062105
2025-03-11,129658.19432293413,1.2965819432293413
2025-03-12,128992.31137310504,1.2899231137310505
2025-03-13,127537.04596172807,1.2753704596172808
2025-03-14,131430.2959617281,1.3143029596172808
2025-03-17,132230.42071758746,1.3223042071758746
2025-03-18,132788.9053062105,1.327889053062105
2025-03-19,135012.08497845172,1.3501208497845172
2025-03-20,134958.38170086383,1.3495838170086383
2025-03-21,136365.32727276324,1.3636532727276325
2025-03-24,139818.23333965772,1.3981823333965773
2025-03-25,141466.82727276324,1.4146682727276325
2025-03-26,141413.12399517535,1.4141312399517536
2025-03-27,139850.45202862262,1.398504520286226
2025-03-28,137020.4679282808,1.370204679282808
2025-03-31,138336.11628948688,1.3833611628948688
2025-04-01,137455.4366172456,1.374554366172456
2025-04-02,138615.3585837984,1.386153585837984
2025-04-03,129416.54596172807,1.2941654596172807
2025-04-04,119530.37399517534,1.1953037399517534
2025-04-07,116942.8144558091,1.169428144558091
2025-04-08,116942.8144558091,1.169428144558091
2025-04-09,116942.8144558091,1.169428144558091
2025-04-10,116942.8144558091,1.169428144558091
2025-04-11,116942.8144558091,1.169428144558091
2025-04-14,116942.8144558091,1.169428144558091
2025-04-15,116942.8144558091,1.169428144558091
2025-04-16,116942.8144558091,1.169428144558091
2025-04-17,116942.8144558091,1.169428144558091
2025-04-21,116942.8144558091,1.169428144558091
2025-04-22,116942.8144558091,1.169428144558091
2025-04-23,116942.8144558091,1.169428144558091
2025-04-24,116942.8144558091,1.169428144558091
2025-04-25,116942.8144558091,1.169428144558091
2025-04-28,116942.8144558091,1.169428144558091
2025-04-29,116942.8144558091,1.169428144558091
2025-04-30,116942.8144558091,1.169428144558091
2025-05-01,116942.8144558091,1.169428144558091
2025-05-02,116942.8144558091,1.169428144558091
2025-05-05,116942.8144558091,1.169428144558091
2025-05-06,116942.8144558091,1.169428144558091
2025-05-07,116942.8144558091,1.169428144558091
2025-05-08,116942.8144558091,1.169428144558091
2025-05-09,116942.8144558091,1.169428144558091
2025-05-12,116942.8144558091,1.169428144558091
2025-05-13,116942.8144558091,1.169428144558091
2025-05-14,116942.8144558091,1.169428144558091
2025-05-15,116942.8144558091,1.169428144558091
2025-05-16,116942.8144558091,1.169428144558091
2025-05-19,116942.8144558091,1.169428144558091
2025-05-20,116942.8144558091,1.169428144558091
2025-05-21,116942.8144558091,1.169428144558091
2025-05-22,116942.8144558091,1.169428144558091
2025-05-23,116942.8144558091,1.169428144558091
2025-05-27,116942.8144558091,1.169428144558091
2025-05-28,116942.8144558091,1.169428144558091
2025-05-29,116942.8144558091,1.169428144558091
2025-05-30,116942.8144558091,1.169428144558091
2025-06-02,116942.8144558091,1.169428144558091
2025-06-03,116942.8144558091,1.169428144558091
2025-06-04,116942.8144558091,1.169428144558091
2025-06-05,116942.8144558091,1.169428144558091
2025-06-06,116942.8144558091,1.169428144558091
2025-06-09,116942.8144558091,1.169428144558091
2025-06-10,117908.37053753372,1.1790837053753371
2025-06-11,117721.16545940872,1.1772116545940872
2025-06-12,117758.60393597122,1.1775860393597122
2025-06-13,116389.97307659622,1.1638997307659622
2025-06-16,118640.52190472122,1.186405219047212
2025-06-17,118291.08342815872,1.182910834281587
2025-06-18,120138.12444378372,1.2013812444378371
2025-06-20,120570.76799847122,1.2057076799847122
2025-06-23,120424.14675684915,1.2042414675684916
2025-06-24,120424.14675684915,1.2042414675684916
2025-06-25,120424.14675684915,1.2042414675684916
2025-06-26,120424.14675684915,1.2042414675684916
2025-06-27,120424.14675684915,1.2042414675684916
2025-06-30,120424.14675684915,1.2042414675684916
2025-07-01,120424.14675684915,1.2042414675684916
2025-07-02,120424.14675684915,1.2042414675684916
2025-07-03,120424.14675684915,1.2042414675684916
2025-07-07,120424.14675684915,1.2042414675684916
2025-07-08,120424.14675684915,1.2042414675684916
2025-07-09,120424.14675684915,1.2042414675684916
2025-07-10,120424.14675684915,1.2042414675684916
2025-07-11,120424.14675684915,1.2042414675684916
2025-07-14,120424.14675684915,1.2042414675684916
2025-07-15,120424.14675684915,1.2042414675684916
2025-07-16,120424.14675684915,1.2042414675684916
2025-07-17,120424.14675684915,1.2042414675684916
2025-07-18,120424.14675684915,1.2042414675684916
2025-07-21,120424.14675684915,1.2042414675684916
2025-07-22,120424.14675684915,1.2042414675684916
2025-07-23,120424.14675684915,1.2042414675684916
2025-07-24,119917.36957635729,1.1991736957635728
2025-07-25,120714.32239618151,1.2071432239618152
2025-07-28,120583.42380609362,1.2058342380609361
2025-07-29,120106.02756585924,1.2010602756585924
2025-07-30,121103.17615594713,1.2110317615594712
2025-07-31,119798.0205162987,1.1979802051629869
2025-08-01,117153.07239618151,1.1715307239618151
2025-08-04,119035.72803582995,1.1903572803582996
2025-08-05,117923.07239618151,1.1792307239618152
2025-08-06,117915.37662591784,1.1791537662591784
2025-08-07,116217.52521600573,1.1621752521600572
2025-08-08,116918.22803582995,1.1691822803582994
2025-08-11,117226.22333612289,1.172262233361229
2025-08-12,118492.87662591784,1.1849287662591783
2025-08-13,117599.67380609362,1.1759967380609362
2025-08-14,118997.22568597643,1.1899722568597644
2025-08-15,117584.2705162987,1.175842705162987
2025-08-18,117984.67380609362,1.179846738060936
2025-08-19,117649.72568597643,1.1764972568597643
2025-08-20,118258.0205162987,1.182580205162987
2025-08-21,117961.57474603502,1.1796157474603501
2025-08-22,119798.0205162987,1.1979802051629869
2025-08-25,119282.1219262108,1.1928212192621082
2025-08-26,120695.07709588854,1.2069507709588854
2025-08-27,120968.42380609362,1.2096842380609363
2025-08-28,121657.57709588854,1.2165757709588854
2025-08-29,121792.32944574206,1.2179232944574205
2025-09-02,121130.12897577135,1.2113012897577136
2025-09-03,121056.97803582995,1.2105697803582995
2025-09-04,122716.32709588854,1.2271632709588853
2025-09-05,119081.92615594713,1.1908192615594713
2025-09-08,118515.97568597643,1.1851597568597643
2025-09-09,120417.87662591784,1.2041787662591783
2025-09-10,121453.52756585924,1.2145352756585925
2025-09-11,123386.22333612289,1.2338622333612288
2025-09-12,123905.97568597643,1.2390597568597643
2025-09-15,124672.1219262108,1.246721219262108
2025-09-16,124783.77521600573,1.2478377521600572
2025-09-17,125769.37427606432,1.2576937427606432
2025-09-18,126339.17850580065,1.2633917850580065
2025-09-19,126935.92380609362,1.2693592380609362
2025-09-22,124839.76971990449,1.248397697199045
2025-09-23,125011.11447879851,1.2501111447879851
2025-09-24,125268.84326908171,1.2526884326908172
2025-09-25,125280.21280643523,1.2528021280643522
2025-09-26,126269.3972546774,1.262693972546774
2025-09-29,126129.16910526335,1.2612916910526335
2025-09-30,126030.62540409148,1.260306254040915
2025-10-01,124241.744941445,1.24241744941445
2025-10-02,123044.10355350554,1.2304410355350555
2025-10-03,123984.0277173239,1.239840277173239
2025-10-06,123661.87540409148,1.2366187540409148
2025-10-07,123097.16910526335,1.2309716910526336
2025-10-08,121710.0277173239,1.217100277173239
2025-10-09,122278.5277173239,1.222785277173239
2025-10-10,120519.9737317282,1.205199737317282
2025-10-13,123203.28864261687,1.2320328864261687
2025-10-14,120970.97309085906,1.2097097309085905
2025-10-15,122339.16910526335,1.2233916910526335
2025-10-16,119629.32141849578,1.1962932141849578
2025-10-17,119257.8972546774,1.192578972546774
2025-10-20,121077.09262821257,1.2107709262821258
2025-10-21,119079.76679203093,1.1907976679203094
2025-10-22,117950.34262821257,1.1795034262821258
2025-10-23,118113.32141849578,1.1811332141849578
2025-10-24,120349.41910526335,1.2034941910526336
2025-10-27,121755.50586673796,1.2175550586673796
2025-10-28,122214.09262821257,1.2221409262821257
2025-10-29,122270.95188114226,1.2227095188114225
2025-10-30,123760.41910526335,1.2376041910526336
2025-10-31,124397.13632938445,1.2439713632938445
2025-11-03,123726.3104932028,1.2372631049320282
2025-11-04,123688.40817997039,1.2368840817997038
2025-11-05,124609.37540409148,1.2460937540409147
2025-11-06,125268.84326908171,1.2526884326908172
2025-11-07,125568.244941445,1.2556824494144498
2025-11-10,126583.9737317282,1.265839737317282
2025-11-11,126102.63632938445,1.2610263632938445
2025-11-12,127918.04956790984,1.2791804956790984
2025-11-13,123775.58234378874,1.2377558234378874
2025-11-14,121550.84262821257,1.2155084262821256
2025-11-17,120322.88632938445,1.2032288632938444
2025-11-18,119959.04956790984,1.1995904956790984
2025-11-19,121421.98401615203,1.2142198401615203
2025-11-20,119568.68003055632,1.1956868003055632
2025-11-21,119432.23401615203,1.1943223401615202
2025-11-24,119424.65817997039,1.1942465817997039
2025-11-25,121319.65817997039,1.213196581799704
2025-11-26,123078.2237317282,1.2307822373172819
2025-11-28,125139.97309085906,1.2513997309085905
2025-12-01,123563.34326908171,1.2356334326908172
2025-12-02,123169.18003055632,1.2316918003055632
2025-12-03,124779.93003055632,1.2477993003055632
2025-12-04,126284.5604932028,1.262845604932028
2025-12-05,125882.82141849578,1.2588282141849578
2025-12-08,125947.244941445,1.25947244941445
2025-12-09,120375.95188114226,1.2037595188114225
2025-12-10,124014.34262821257,1.2401434262821258
2025-12-11,126769.68003055632,1.2676968003055633
2025-12-12,127201.73401615203,1.2720173401615202
2025-12-15,127770.23401615203,1.2777023401615202
2025-12-16,126076.10355350554,1.2607610355350554
2025-12-17,125860.08234378874,1.2586008234378874
2025-12-18,125109.65817997039,1.251096581799704
2025-12-19,126705.244941445,1.26705244941445
2025-12-22,126698.61558744109,1.2669861558744109
2025-12-23,126698.61558744109,1.2669861558744109
2025-12-24,127599.1601199178,1.2759916011991779
2025-12-26,127134.21651640217,1.2713421651640218
2025-12-29,125599.17516508381,1.255991751650838
2025-12-30,125477.4101199178,1.254774101199178
